BEGIN_DATE,BEGIN_DATE_TIME,END_DATE_TIME,INJURIES_DIRECT,INJURIES_INDIRECT,DEATHS_DIRECT,DEATHS_INDIRECT,DAMAGE_PROPERTY,DAMAGE_PROPERTY_CPI,WFO,CZ_NAME,EVENT_TYPE,ICE,SNOW,TOTAL_INJURIES,TOTAL_DEATHS
1996-01-01,1996-01-01 22:00:00,1996-01-02 19:00:00,0,0,0,0,0.0,0.0,"LZK, TSA","BAXTER, BOONE, CLEBURNE, FRANKLIN, FULTON, INDEPENDENCE, IZARD, JOHNSON, LOGAN, MARION, NEWTON, POLK, POPE, SCOTT, SEARCY, SHARP, STONE, VAN BUREN, YELL, BENTON, CARROLL, CRAWFORD, MADISON, SEBASTIAN, WASHINGTON",Heavy Snow,0.0,25.0,0,0
1996-02-01,1996-02-01 04:00:00,1996-02-01 21:00:00,0,0,0,0,200000.0,396136.71875,"JAN, TSA","ASHLEY, CHICOT, BENTON, CARROLL, MADISON, WASHINGTON","Heavy Snow, Winter Storm",2.0,6.0,0,0
1996-02-04,1996-02-04 07:00:00,1996-02-04 12:30:00,0,0,1,0,30000.0,59420.5078125,SHV,"MILLER, NEVADA",Ice Storm,0.0,2.0,0,1
1996-11-24,1996-11-24 12:00:00,1996-11-25 13:00:00,0,0,0,0,0.0,0.0,TSA,"BENTON, CARROLL, CRAWFORD, MADISON, WASHINGTON",Ice Storm,5.0,0.0,0,0
1997-01-06,1997-01-06 12:00:00,1997-01-08 18:00:00,0,0,0,0,0.0,0.0,SHV,"COLUMBIA, HEMPSTEAD, HOWARD, LAFAYETTE, LITTLE RIVER, MILLER, NEVADA, SEVIER, UNION",Ice Storm,9.0,9.0,0,0
1997-01-08,1997-01-08 06:00:00,1997-01-09 08:00:00,0,0,0,0,40.0,77.56099426386233,"LZK, MEG, TSA","BAXTER, BOONE, CLARK, CLEBURNE, CONWAY, FAULKNER, FRANKLIN, FULTON, GARLAND, GRANT, HOT SPRING, INDEPENDENCE, IZARD, JACKSON, JEFFERSON, JOHNSON, LOGAN, LONOKE, MARION, MONROE, MONTGOMERY, NEWTON, PERRY, PIKE, POLK, POPE, PRAIRIE, PULASKI, SALINE, SCOTT, SEARCY, SHARP, STONE, VAN BUREN, WHITE, WOODRUFF, YELL, BENTON, CARROLL, MADISON, WASHINGTON, CLAY, GREENE, LAWRENCE, RANDOLPH","Heavy Snow, Winter Storm",37.0,45.0,0,0
1997-01-14,1997-01-14 06:00:00,1997-01-15 12:00:00,0,0,0,0,0.0,0.0,SHV,"HEMPSTEAD, HOWARD, LITTLE RIVER, MILLER, NEVADA, SEVIER",Ice Storm,6.0,6.0,0,0
1997-02-13,1997-02-13 00:00:00,1997-02-13 11:00:00,0,0,0,0,0.0,0.0,LZK,"ARKANSAS, BAXTER, BOONE, CLARK, CLEBURNE, CLEVELAND, CONWAY, DALLAS, FAULKNER, FRANKLIN, FULTON, GARLAND, GRANT, HOT SPRING, INDEPENDENCE, IZARD, JACKSON, JEFFERSON, JOHNSON, LOGAN, LONOKE, MARION, MONROE, MONTGOMERY, NEWTON, PERRY, PIKE, POLK, POPE, PRAIRIE, PULASKI, SALINE, SCOTT, SEARCY, SHARP, STONE, VAN BUREN, WHITE, WOODRUFF, YELL",Heavy Snow,0.0,40.0,0,0
1998-12-22,1998-12-22 18:00:00,1998-12-24 20:00:00,0,0,1,0,2250000.0,4307893.329137823,"JAN, LZK, SHV","ARKANSAS, BRADLEY, CALHOUN, CLARK, CLEBURNE, CLEVELAND, CONWAY, DALLAS, DESHA, DREW, FAULKNER, GARLAND, GRANT, HOT SPRING, INDEPENDENCE, JACKSON, JEFFERSON, JOHNSON, LINCOLN, LOGAN, LONOKE, MONROE, MONTGOMERY, OUACHITA, PERRY, PIKE, POLK, POPE, PRAIRIE, PULASKI, SALINE, SCOTT, VAN BUREN, WHITE, WOODRUFF, YELL, ASHLEY, CHICOT, COLUMBIA, HEMPSTEAD, HOWARD, LAFAYETTE, LITTLE RIVER, MILLER, NEVADA, SEVIER, UNION",Ice Storm,36.0,0.0,0,1
1998-12-23,1998-12-23 00:00:00,1998-12-23 23:59:00,0,0,0,0,11000.0,21060.811831340467,"MEG, TSA","CLAY, CRAIGHEAD, CRITTENDEN, CROSS, GREENE, LAWRENCE, LEE, MISSISSIPPI, PHILLIPS, RANDOLPH, ST. FRANCIS, SEBASTIAN",Ice Storm,12.0,0.0,0,0
1999-01-01,1999-01-01 13:00:00,1999-01-02 00:00:00,0,0,1,0,0.0,0.0,"LZK, TSA","BAXTER, BOONE, CLEBURNE, CONWAY, FAULKNER, FULTON, INDEPENDENCE, IZARD, JACKSON, JOHNSON, LONOKE, MARION, NEWTON, PERRY, POPE, PRAIRIE, PULASKI, SEARCY, SHARP, STONE, VAN BUREN, WHITE, BENTON, CARROLL, MADISON, WASHINGTON","Ice Storm, Winter Storm",26.0,26.0,0,1
1999-01-08,1999-01-08 00:00:00,1999-01-08 23:59:00,0,0,0,0,0.0,0.0,"LZK, TSA","BENTON, CARROLL, CLEBURNE, FAULKNER, INDEPENDENCE, JACKSON, LONOKE, PRAIRIE, PULASKI, SALINE, WHITE, WOODRUFF",Ice Storm,12.0,0.0,0,0
1999-01-23,1999-01-23 00:00:00,1999-01-23 07:00:00,0,0,0,0,0.0,0.0,TSA,"BENTON, CARROLL, MADISON, WASHINGTON",Heavy Snow,0.0,4.0,0,0
1999-03-13,1999-03-13 15:00:00,1999-03-14 08:00:00,0,0,0,0,20000.0,37559.629629629635,TSA,"BENTON, CARROLL, MADISON, WASHINGTON",Heavy Snow,0.0,4.0,0,0
1999-03-14,1999-03-14 05:00:00,1999-03-14 10:00:00,0,0,0,0,0.0,0.0,LZK,"BAXTER, BOONE, FULTON, INDEPENDENCE, IZARD, MARION, NEWTON, SEARCY, SHARP, STONE",Heavy Snow,0.0,10.0,0,0
2000-01-26,2000-01-26 12:00:00,2000-01-28 23:30:00,0,0,0,0,0.0,0.0,SHV,"COLUMBIA, HEMPSTEAD, HOWARD, LAFAYETTE, LITTLE RIVER, MILLER, NEVADA, SEVIER, UNION",Heavy Snow,0.0,0.0,0,0
2000-01-27,2000-01-27 18:00:00,2000-01-28 06:00:00,0,0,1,0,200000.0,363915.07177033497,"JAN, LZK, MEG, TSA","ARKANSAS, BAXTER, BOONE, BRADLEY, CALHOUN, CLARK, CLEBURNE, CLEVELAND, CONWAY, DALLAS, DESHA, DREW, FAULKNER, FULTON, GARLAND, GRANT, HOT SPRING, INDEPENDENCE, IZARD, JACKSON, JEFFERSON, JOHNSON, LINCOLN, LOGAN, LONOKE, MARION, MONROE, MONTGOMERY, NEWTON, OUACHITA, PERRY, PIKE, POLK, POPE, PRAIRIE, PULASKI, SALINE, SCOTT, SEARCY, SHARP, STONE, VAN BUREN, WHITE, WOODRUFF, YELL, ASHLEY, CHICOT, BENTON, CARROLL, CRAWFORD, FRANKLIN, MADISON, SEBASTIAN, WASHINGTON, CLAY, CRAIGHEAD, CRITTENDEN, CROSS, GREENE, LAWRENCE, LEE, MISSISSIPPI, PHILLIPS, POINSETT, RANDOLPH, ST. FRANCIS","Heavy Snow, Winter Storm",0.0,66.0,0,1
2000-12-07,2000-12-07 02:00:00,2000-12-07 15:00:00,0,0,0,0,10000.0,18195.75358851675,MEG,MISSISSIPPI,Ice Storm,0.0,0.0,0,0
2000-12-12,2000-12-12 20:00:00,2000-12-13 16:00:00,0,0,0,0,360000000.0,655047129.186603,"SHV, TSA","BENTON, CARROLL, CRAWFORD, FRANKLIN, MADISON, SEBASTIAN, WASHINGTON, COLUMBIA, HEMPSTEAD, HOWARD, LAFAYETTE, LITTLE RIVER, MILLER, NEVADA, SEVIER, UNION","Heavy Snow, Ice Storm, Ice Storm",7.0,7.0,0,0
2000-12-13,2000-12-13 05:00:00,2000-12-13 15:00:00,0,0,0,0,2115000.0,3848401.883971292,"JAN, LZK, MEG","ARKANSAS, BAXTER, BOONE, BRADLEY, CALHOUN, CLARK, CLEBURNE, CLEVELAND, CONWAY, DALLAS, DESHA, DREW, FAULKNER, FULTON, GARLAND, GRANT, HOT SPRING, INDEPENDENCE, IZARD, JACKSON, JEFFERSON, JOHNSON, LINCOLN, LOGAN, LONOKE, MARION, MONROE, MONTGOMERY, NEWTON, OUACHITA, PERRY, PIKE, POLK, POPE, PRAIRIE, PULASKI, SALINE, SCOTT, SEARCY, SHARP, STONE, VAN BUREN, WHITE, WOODRUFF, YELL, ASHLEY, CHICOT, CLAY, CRAIGHEAD, CRITTENDEN, CROSS, GREENE, LAWRENCE, LEE, MISSISSIPPI, PHILLIPS, POINSETT, RANDOLPH, ST. FRANCIS","Ice Storm, Winter Storm",45.0,57.0,0,0
2000-12-24,2000-12-24 23:00:00,2000-12-26 21:55:00,0,0,0,0,165000000.0,300229934.21052635,SHV,"COLUMBIA, HEMPSTEAD, HOWARD, LAFAYETTE, LITTLE RIVER, MILLER, NEVADA, SEVIER, UNION",Ice Storm,0.0,0.0,0,0
2000-12-25,2000-12-25 09:00:00,2000-12-27 01:00:00,0,0,0,0,0.0,0.0,"LZK, TSA","ARKANSAS, BAXTER, BOONE, BRADLEY, CALHOUN, CLARK, CLEBURNE, CLEVELAND, CONWAY, DALLAS, DESHA, DREW, FAULKNER, FULTON, GARLAND, GRANT, HOT SPRING, INDEPENDENCE, IZARD, JACKSON, JEFFERSON, JOHNSON, LINCOLN, LOGAN, LONOKE, MARION, MONROE, MONTGOMERY, NEWTON, OUACHITA, PERRY, PIKE, POLK, POPE, PRAIRIE, PULASKI, SALINE, SCOTT, SEARCY, SHARP, STONE, VAN BUREN, WHITE, WOODRUFF, YELL, BENTON, CARROLL, CRAWFORD, FRANKLIN, MADISON, SEBASTIAN, WASHINGTON",Ice Storm,52.0,0.0,0,0
2000-12-28,2000-12-28 04:00:00,2000-12-28 09:00:00,0,0,0,0,0.0,0.0,LZK,"BRADLEY, CALHOUN, CLARK, CLEVELAND, DALLAS, DESHA, DREW, GRANT, JEFFERSON, OUACHITA, PIKE",Ice Storm,11.0,0.0,0,0
2001-11-28,2001-11-28 03:00:00,2001-11-29 12:00:00,0,0,0,0,1800000.0,3200580.9468147284,TSA,"BENTON, CARROLL, MADISON, WASHINGTON",Ice Storm,4.0,0.0,0,0
2002-02-05,2002-02-05 08:00:00,2002-02-06 09:00:00,0,0,0,0,0.0,0.0,"LZK, MEG, TSA","ARKANSAS, BAXTER, BOONE, BRADLEY, CALHOUN, CLARK, CLEBURNE, CLEVELAND, CONWAY, DALLAS, DESHA, DREW, FAULKNER, FULTON, GARLAND, GRANT, HOT SPRING, INDEPENDENCE, IZARD, JACKSON, JEFFERSON, JOHNSON, LINCOLN, LOGAN, LONOKE, MARION, MONROE, MONTGOMERY, NEWTON, OUACHITA, PERRY, PIKE, POLK, POPE, PRAIRIE, PULASKI, SALINE, SCOTT, SEARCY, SHARP, STONE, VAN BUREN, WHITE, WOODRUFF, YELL, BENTON, CARROLL, MADISON, CRAIGHEAD, CRITTENDEN, CROSS, GREENE, LAWRENCE, LEE, MISSISSIPPI, POINSETT, ST. FRANCIS","Heavy Snow, Winter Storm",0.0,57.0,0,0
2002-03-01,2002-03-01 07:00:00,2002-03-01 12:00:00,0,0,0,0,0.0,0.0,LZK,"BAXTER, BOONE, CLEBURNE, FULTON, INDEPENDENCE, IZARD, JACKSON, MARION, NEWTON, SEARCY, SHARP, STONE, VAN BUREN",Winter Storm,0.0,13.0,0,0
2002-03-02,2002-03-02 08:00:00,2002-03-02 13:00:00,0,0,0,0,0.0,0.0,"LZK, TSA","BAXTER, BOONE, CONWAY, JOHNSON, LOGAN, MARION, NEWTON, POLK, POPE, SCOTT, SEARCY, VAN BUREN, YELL, BENTON, CARROLL, MADISON, WASHINGTON","Heavy Snow, Winter Storm",0.0,17.0,0,0
2002-12-03,2002-12-03 20:00:00,2002-12-04 04:00:00,0,0,1,0,10045000.0,17634278.62088863,"MEG, TSA","BENTON, CARROLL, MADISON, WASHINGTON, CLAY, CRAIGHEAD, GREENE, LAWRENCE, MISSISSIPPI, POINSETT, RANDOLPH",Ice Storm,11.0,4.0,0,1
2002-12-04,2002-12-04 01:00:00,2002-12-04 12:00:00,0,0,0,0,3681000.0,6462098.517022504,LZK,"BAXTER, BOONE, CLEBURNE, FULTON, INDEPENDENCE, IZARD, JACKSON, MARION, NEWTON, SEARCY, SHARP, STONE, VAN BUREN, WHITE, WOODRUFF",Winter Storm,15.0,15.0,0,0
2002-12-23,2002-12-23 12:00:00,2002-12-24 10:00:00,2,0,0,0,0.0,0.0,"LZK, TSA","BAXTER, BOONE, MARION, BENTON, CARROLL, MADISON, WASHINGTON","Heavy Snow, Winter Storm",3.0,7.0,2,0
2003-01-16,2003-01-16 05:00:00,2003-01-16 11:00:00,0,0,0,0,60.0,102.95532994923857,MEG,"CLAY, CRAIGHEAD, GREENE, LAWRENCE, MISSISSIPPI, RANDOLPH",Heavy Snow,0.0,6.0,0,0
2003-02-06,2003-02-06 07:55:00,2003-02-06 22:30:00,0,0,0,0,7000.0,12011.455160744501,"LZK, MEG","CLAY, CRAIGHEAD, GREENE, LAWRENCE, MISSISSIPPI, POINSETT, RANDOLPH, JOHNSON, LOGAN, NEWTON, POLK, POPE, SCOTT, SEARCY, VAN BUREN",Heavy Snow,0.0,15.0,0,0
2003-02-09,2003-02-09 11:56:00,2003-02-09 15:30:00,0,0,0,0,1000.0,1715.922165820643,"LZK, MEG, TSA","BAXTER, BOONE, FULTON, MARION, NEWTON, SEARCY, BENTON, CARROLL, CRAWFORD, FRANKLIN, MADISON, SEBASTIAN, WASHINGTON, GREENE",Heavy Snow,0.0,13.0,0,0
2003-02-23,2003-02-23 16:00:00,2003-02-23 19:00:00,0,0,0,0,0.0,0.0,"LZK, TSA","BAXTER, BOONE, MARION, BENTON, CARROLL, WASHINGTON","Heavy Snow, Winter Storm",0.0,6.0,0,0
2003-02-25,2003-02-25 02:30:00,2003-02-25 13:00:00,0,0,0,0,107000.0,183603.67174280877,"JAN, LZK, MEG","ARKANSAS, BRADLEY, CALHOUN, CLARK, CLEVELAND, CONWAY, DALLAS, DESHA, DREW, FAULKNER, GARLAND, GRANT, HOT SPRING, JACKSON, JEFFERSON, LINCOLN, LOGAN, LONOKE, MONROE, MONTGOMERY, OUACHITA, PERRY, PIKE, POLK, PRAIRIE, PULASKI, SALINE, SCOTT, WHITE, WOODRUFF, YELL, ASHLEY, CHICOT, CRAIGHEAD, CRITTENDEN, CROSS, GREENE, LEE, MISSISSIPPI, ST. FRANCIS","Heavy Snow, Ice Storm, Winter Storm",0.0,38.0,0,0
2003-02-26,2003-02-26 06:14:00,2003-02-26 09:00:00,0,0,0,0,0.0,0.0,"LZK, TSA","ARKANSAS, BRADLEY, CALHOUN, CLARK, CLEVELAND, CONWAY, DALLAS, DESHA, DREW, FAULKNER, GARLAND, GRANT, HOT SPRING, JACKSON, JEFFERSON, LINCOLN, LONOKE, MONROE, MONTGOMERY, OUACHITA, PERRY, PIKE, PRAIRIE, PULASKI, SALINE, WHITE, WOODRUFF, YELL, BENTON, CARROLL, CRAWFORD, MADISON, WASHINGTON","Ice Storm, Winter Weather",33.0,28.0,0,0
2003-12-12,2003-12-12 19:00:00,2003-12-13 02:00:00,0,0,0,0,0.0,0.0,LZK,"BOONE, IZARD, MARION, STONE",Winter Storm,0.0,4.0,0,0
2004-02-04,2004-02-04 22:00:00,2004-02-05 02:00:00,0,0,0,0,4000.0,6693.7953795379535,"LZK, MEG, TSA","BAXTER, BOONE, FULTON, IZARD, MARION, NEWTON, POLK, SEARCY, SHARP, STONE, CARROLL, MADISON, CLAY, GREENE, LAWRENCE, RANDOLPH","Heavy Snow, Ice Storm, Winter Storm",12.0,16.0,0,0
2004-02-14,2004-02-14 21:00:00,2004-02-15 00:00:00,0,0,0,0,0.0,0.0,LZK,"GARLAND, MONTGOMERY, POLK, PULASKI, SALINE",Winter Storm,0.0,5.0,0,0
2004-02-15,2004-02-15 02:45:00,2004-02-15 05:00:00,0,0,0,0,0.0,0.0,JAN,ASHLEY,Heavy Snow,0.0,0.0,0,0
2004-12-22,2004-12-22 12:00:00,2004-12-23 03:00:00,0,0,0,0,28000.0,46856.56765676568,"LZK, MEG","BAXTER, CLARK, CLEBURNE, CONWAY, FAULKNER, FULTON, GARLAND, GRANT, HOT SPRING, INDEPENDENCE, IZARD, JACKSON, JEFFERSON, JOHNSON, LOGAN, LONOKE, MARION, MONROE, MONTGOMERY, NEWTON, PERRY, PIKE, POLK, POPE, PRAIRIE, PULASKI, SALINE, SCOTT, SEARCY, SHARP, STONE, VAN BUREN, WHITE, WOODRUFF, YELL, CLAY, CRAIGHEAD, CRITTENDEN, CROSS, GREENE, LAWRENCE, LEE, MISSISSIPPI, PHILLIPS, POINSETT, RANDOLPH, ST. FRANCIS",Winter Storm,35.0,47.0,0,0
2005-02-02,2005-02-02 00:30:00,2005-02-02 11:00:00,0,0,0,0,0.0,0.0,TSA,"MADISON, WASHINGTON",Heavy Snow,0.0,2.0,0,0
2005-12-08,2005-12-08 00:00:00,2005-12-08 05:00:00,0,0,0,0,0.0,0.0,SHV,"HOWARD, SEVIER",Winter Storm,0.0,2.0,0,0
2006-02-10,2006-02-10 16:00:00,2006-02-10 18:00:00,0,0,0,0,9000.0,14063.15870570108,"LZK, MEG","CRAIGHEAD, CRITTENDEN, CROSS, GREENE, LEE, MISSISSIPPI, PHILLIPS, POINSETT, ST. FRANCIS, INDEPENDENCE, JACKSON",Winter Storm,0.0,11.0,0,0
2006-02-18,2006-02-18 06:00:00,2006-02-18 10:00:00,0,0,0,0,12000.0,18750.878274268107,"LZK, MEG, TSA","BAXTER, BOONE, FULTON, IZARD, MARION, NEWTON, SEARCY, SHARP, STONE, BENTON, CARROLL, CRAWFORD, FRANKLIN, MADISON, SEBASTIAN, WASHINGTON, CLAY, CRAIGHEAD, CRITTENDEN, CROSS, GREENE, LAWRENCE, LEE, MISSISSIPPI, PHILLIPS, POINSETT, RANDOLPH, ST. FRANCIS",Winter Storm,21.0,21.0,0,0
2006-02-19,2006-02-19 17:00:00,2006-02-20 06:00:00,0,0,0,0,0.0,0.0,SHV,"COLUMBIA, HEMPSTEAD, HOWARD, LAFAYETTE, LITTLE RIVER, MILLER, NEVADA, SEVIER, UNION",Winter Weather,9.0,0.0,0,0
2006-11-29,2006-11-29 21:00:00,2006-11-30 23:00:00,0,0,0,0,0.0,0.0,TSA,"BENTON, CARROLL, CRAWFORD, MADISON, WASHINGTON",Winter Storm,0.0,5.0,0,0
2007-01-12,2007-01-12 21:00:00,2007-01-15 01:00:00,0,0,0,0,150000.0,227763.63663587227,TSA,"BENTON, CARROLL, MADISON, WASHINGTON",Winter Storm,4.0,0.0,0,0
2007-01-20,2007-01-20 20:54:00,2007-01-21 00:00:00,0,0,0,0,0.0,0.0,LZK,BOONE,Ice Storm,0.0,0.0,0,0
2007-01-31,2007-01-31 13:30:00,2007-01-31 22:19:00,0,0,0,0,0.0,0.0,"LZK, MEG","CLAY, CRAIGHEAD, GREENE, LAWRENCE, MISSISSIPPI, POINSETT, RANDOLPH, IZARD",Winter Weather,0.0,8.0,0,0
2007-02-01,2007-02-01 12:00:00,2007-02-02 06:00:00,0,0,0,1,0.0,0.0,MEG,"CLAY, CRAIGHEAD, CRITTENDEN, CROSS, GREENE, LAWRENCE, LEE, MISSISSIPPI, PHILLIPS, POINSETT, RANDOLPH, ST. FRANCIS",Winter Weather,0.0,12.0,0,1
2007-02-09,2007-02-09 03:00:00,2007-02-09 09:00:00,0,0,0,0,0.0,0.0,LZK,"LONOKE, MONROE, PULASKI, WOODRUFF",Winter Weather,0.0,0.0,0,0
2007-12-09,2007-12-09 04:00:00,2007-12-10 15:00:00,0,0,0,0,0.0,0.0,TSA,BENTON,Ice Storm,0.0,0.0,0,0
2007-12-26,2007-12-26 12:00:00,2007-12-26 13:30:00,0,0,0,0,0.0,0.0,LZK,"CLEBURNE, CONWAY, FAULKNER, FULTON, GARLAND, IZARD, LOGAN, MONTGOMERY, NEWTON, PERRY, POLK, POPE, SALINE, SCOTT, SEARCY, SHARP, STONE, VAN BUREN, YELL",Winter Weather,0.0,20.0,0,0
2008-01-21,2008-01-21 20:30:00,2008-01-22 01:00:00,0,0,0,0,0.0,0.0,LZK,"BAXTER, BOONE, CONWAY, JOHNSON, LOGAN, MARION, NEWTON, PERRY, POPE, SEARCY, VAN BUREN, YELL",Winter Weather,0.0,0.0,0,0
2008-01-25,2008-01-25 10:00:00,2008-01-25 17:00:00,0,0,0,0,400000.0,583154.1922839165,"JAN, LZK","ARKANSAS, BRADLEY, CALHOUN, CLARK, CLEVELAND, DALLAS, DESHA, DREW, GARLAND, GRANT, HOT SPRING, JEFFERSON, JOHNSON, LINCOLN, LOGAN, MONTGOMERY, OUACHITA, PERRY, PIKE, POLK, POPE, PULASKI, SALINE, SCOTT, YELL, ASHLEY, CHICOT","Ice Storm, Winter Weather",2.0,0.0,0,0
2008-01-26,2008-01-26 03:55:00,2008-01-26 06:00:00,0,0,0,0,0.0,0.0,MEG,CRITTENDEN,Winter Weather,1.0,0.0,0,0
2008-01-31,2008-01-31 05:00:00,2008-01-31 19:00:00,0,0,0,0,0.0,0.0,"LZK, MEG, TSA","BAXTER, BOONE, CLEBURNE, CONWAY, FAULKNER, FULTON, INDEPENDENCE, IZARD, JACKSON, JOHNSON, LOGAN, MARION, NEWTON, PERRY, POPE, SCOTT, SEARCY, SHARP, STONE, VAN BUREN, WHITE, YELL, BENTON, CARROLL, MADISON, CLAY, CRAIGHEAD, GREENE, LAWRENCE, RANDOLPH","Heavy Snow, Winter Storm, Winter Weather",0.0,30.0,0,0
2008-02-11,2008-02-11 06:00:00,2008-02-12 06:00:00,0,0,1,0,0.0,0.0,LZK,"BAXTER, BOONE, FULTON, MARION, NEWTON, SEARCY, SHARP",Winter Weather,0.0,0.0,0,1
2008-02-21,2008-02-21 02:00:00,2008-02-22 01:00:00,0,0,0,0,0.0,0.0,LZK,"BAXTER, BOONE, FULTON, IZARD, MARION, NEWTON, SEARCY, SHARP, STONE, VAN BUREN",Winter Weather,0.0,0.0,0,0
2008-03-03,2008-03-03 21:00:00,2008-03-04 04:00:00,0,0,0,0,0.0,0.0,TSA,"BENTON, CARROLL, SEBASTIAN",Winter Storm,0.0,3.0,0,0
2008-03-04,2008-03-04 02:00:00,2008-03-04 10:00:00,0,0,0,0,0.0,0.0,"LZK, MEG","ARKANSAS, BAXTER, BOONE, CLEBURNE, CONWAY, FAULKNER, FULTON, GARLAND, GRANT, HOT SPRING, INDEPENDENCE, IZARD, JACKSON, JEFFERSON, LOGAN, LONOKE, MARION, MONROE, MONTGOMERY, NEWTON, PERRY, POLK, POPE, PRAIRIE, PULASKI, SALINE, SCOTT, SEARCY, SHARP, STONE, VAN BUREN, WHITE, WOODRUFF, YELL, LAWRENCE, RANDOLPH","Heavy Snow, Winter Weather, Winter Weather",0.0,36.0,0,0
2008-03-06,2008-03-06 15:00:00,2008-03-07 08:00:00,0,0,0,0,0.0,0.0,TSA,"CARROLL, CRAWFORD, FRANKLIN, MADISON, SEBASTIAN",Winter Storm,0.0,5.0,0,0
2008-03-07,2008-03-07 07:00:00,2008-03-07 19:00:00,1,0,0,0,210000.0,306155.9509490562,"JAN, LZK, MEG, SHV","ARKANSAS, BAXTER, BOONE, BRADLEY, CALHOUN, CLARK, CLEBURNE, CLEVELAND, CONWAY, DALLAS, DESHA, DREW, FAULKNER, FULTON, GARLAND, GRANT, HOT SPRING, INDEPENDENCE, IZARD, JACKSON, JEFFERSON, JOHNSON, LINCOLN, LOGAN, LONOKE, MARION, MONROE, MONTGOMERY, NEWTON, OUACHITA, PERRY, PIKE, POLK, POPE, PRAIRIE, PULASKI, SALINE, SCOTT, SEARCY, SHARP, STONE, VAN BUREN, WHITE, WOODRUFF, YELL, ASHLEY, CLAY, CRAIGHEAD, CRITTENDEN, CROSS, GREENE, LAWRENCE, LEE, MISSISSIPPI, PHILLIPS, POINSETT, RANDOLPH, ST. FRANCIS, COLUMBIA, HEMPSTEAD, HOWARD, LAFAYETTE, LITTLE RIVER, MILLER, NEVADA, UNION","Heavy Snow, Winter Storm, Winter Storm, Winter Weather, Winter Weather",0.0,73.0,1,0
2008-11-30,2008-11-30 18:30:00,2008-11-30 21:00:00,0,0,0,0,0.0,0.0,LZK,"BOONE, NEWTON",Winter Weather,0.0,2.0,0,0
2008-12-10,2008-12-10 02:00:00,2008-12-10 09:00:00,0,0,0,0,0.0,0.0,LZK,"BAXTER, BOONE, MARION, NEWTON, SEARCY, SHARP",Winter Weather,0.0,0.0,0,0
2008-12-15,2008-12-15 05:00:00,2008-12-16 09:00:00,0,0,0,0,0.0,0.0,"LZK, MEG","ARKANSAS, BAXTER, BOONE, BRADLEY, CALHOUN, CLARK, CLEBURNE, CLEVELAND, CONWAY, DALLAS, DESHA, DREW, FAULKNER, FULTON, GARLAND, GRANT, HOT SPRING, INDEPENDENCE, IZARD, JACKSON, JEFFERSON, JOHNSON, LINCOLN, LOGAN, LONOKE, MARION, MONROE, MONTGOMERY, NEWTON, OUACHITA, PERRY, PIKE, POLK, POPE, PRAIRIE, PULASKI, SALINE, SCOTT, SEARCY, SHARP, STONE, VAN BUREN, WHITE, WOODRUFF, YELL, CLAY, CRAIGHEAD, GREENE, LAWRENCE, RANDOLPH","Winter Storm, Winter Weather",5.0,45.0,0,0
2008-12-16,2008-12-16 06:40:00,2008-12-16 08:06:00,0,0,0,0,0.0,0.0,JAN,"ASHLEY, CHICOT",Winter Weather,0.0,0.0,0,0
2008-12-23,2008-12-23 07:00:00,2008-12-23 13:00:00,0,1,0,3,0.0,0.0,"LZK, MEG, SHV","ARKANSAS, BAXTER, BOONE, CLARK, CLEBURNE, CONWAY, DESHA, DREW, FAULKNER, FULTON, GARLAND, GRANT, HOT SPRING, INDEPENDENCE, IZARD, JACKSON, JEFFERSON, JOHNSON, LINCOLN, LOGAN, LONOKE, MARION, MONROE, MONTGOMERY, NEWTON, PERRY, PIKE, POLK, POPE, PRAIRIE, PULASKI, SALINE, SCOTT, SEARCY, SHARP, STONE, VAN BUREN, WHITE, WOODRUFF, YELL, COLUMBIA, HEMPSTEAD, HOWARD, LAFAYETTE, LITTLE RIVER, MILLER, NEVADA, SEVIER, UNION, POINSETT",Winter Weather,10.0,0.0,1,3
2009-01-05,2009-01-05 06:00:00,2009-01-05 12:00:00,0,0,0,0,0.0,0.0,"LZK, MEG","ARKANSAS, BAXTER, BOONE, CLARK, CLEBURNE, CONWAY, DALLAS, FAULKNER, FULTON, GARLAND, GRANT, HOT SPRING, INDEPENDENCE, IZARD, JEFFERSON, JOHNSON, LOGAN, LONOKE, MARION, MONROE, MONTGOMERY, NEWTON, PERRY, POLK, POPE, PRAIRIE, PULASKI, SALINE, SCOTT, SEARCY, SHARP, STONE, VAN BUREN, WHITE, WOODRUFF, YELL, CRITTENDEN, CROSS, LEE, MISSISSIPPI, PHILLIPS, POINSETT, ST. FRANCIS","Ice Storm, Winter Weather, Winter Weather",44.0,0.0,0,0
2009-01-26,2009-01-26 16:00:00,2009-01-28 04:00:00,1,0,3,2,793535000.0,1161536402.8723326,"LZK, MEG, TSA","BAXTER, BOONE, CALHOUN, CLARK, CLEBURNE, CLEVELAND, CONWAY, DALLAS, FAULKNER, FULTON, GARLAND, GRANT, HOT SPRING, INDEPENDENCE, IZARD, JACKSON, JEFFERSON, JOHNSON, LOGAN, LONOKE, MARION, MONROE, MONTGOMERY, NEWTON, OUACHITA, PERRY, PIKE, POLK, POPE, PRAIRIE, PULASKI, SALINE, SCOTT, SEARCY, SHARP, STONE, VAN BUREN, WHITE, WOODRUFF, YELL, BENTON, CARROLL, CRAWFORD, FRANKLIN, MADISON, SEBASTIAN, WASHINGTON, CLAY, CRAIGHEAD, CRITTENDEN, CROSS, GREENE, LAWRENCE, MISSISSIPPI, POINSETT, RANDOLPH","Ice Storm, Ice Storm, Winter Weather",56.0,49.0,1,5
2009-01-28,2009-01-28 04:25:00,2009-01-28 04:25:00,0,0,0,0,0.0,0.0,SHV,"HEMPSTEAD, MILLER",Winter Weather,2.0,0.0,0,0
2009-02-28,2009-02-28 06:00:00,2009-02-28 21:00:00,0,1,0,2,0.0,0.0,"LZK, MEG","ARKANSAS, BAXTER, BOONE, CLEBURNE, CONWAY, DESHA, DREW, FAULKNER, FULTON, GARLAND, INDEPENDENCE, IZARD, JACKSON, JEFFERSON, JOHNSON, LINCOLN, LOGAN, LONOKE, MARION, MONROE, MONTGOMERY, NEWTON, PERRY, POPE, PRAIRIE, PULASKI, SALINE, SEARCY, SHARP, STONE, VAN BUREN, WHITE, WOODRUFF, YELL, CLAY, CRAIGHEAD, CRITTENDEN, CROSS, GREENE, LAWRENCE, LEE, MISSISSIPPI, POINSETT, RANDOLPH, ST. FRANCIS","Winter Storm, Winter Weather, Winter Weather",0.0,45.0,1,2
2009-03-01,2009-03-01 00:00:00,2009-03-01 04:00:00,0,0,0,0,0.0,0.0,MEG,"CLAY, CRAIGHEAD, CRITTENDEN, CROSS, GREENE, LAWRENCE, LEE, MISSISSIPPI, PHILLIPS, POINSETT, RANDOLPH, ST. FRANCIS","Winter Storm, Winter Weather",0.0,12.0,0,0
2009-03-12,2009-03-12 05:00:00,2009-03-12 12:00:00,0,0,0,0,0.0,0.0,"LZK, MEG","BOONE, INDEPENDENCE, JACKSON, NEWTON, WHITE, CRAIGHEAD, MISSISSIPPI, POINSETT","Winter Storm, Winter Weather, Winter Weather",3.0,8.0,0,0
2009-12-24,2009-12-24 22:00:00,2009-12-25 10:00:00,0,0,0,0,0.0,0.0,"LZK, TSA","BENTON, CRAWFORD, SEBASTIAN, WASHINGTON, BOONE, JOHNSON, LOGAN, NEWTON, SCOTT","Winter Storm, Winter Weather",0.0,9.0,0,0
2010-01-02,2010-01-02 23:00:00,2010-01-04 06:00:00,0,0,0,0,0.0,0.0,LZK,"BAXTER, BOONE, CLEBURNE, CONWAY, FAULKNER, FULTON, GARLAND, GRANT, HOT SPRING, INDEPENDENCE, IZARD, JACKSON, JEFFERSON, JOHNSON, LOGAN, LONOKE, MARION, MONROE, MONTGOMERY, NEWTON, PERRY, POPE, PRAIRIE, PULASKI, SALINE, SCOTT, SEARCY, SHARP, STONE, VAN BUREN, WHITE, WOODRUFF, YELL","Heavy Snow, Winter Weather",0.0,33.0,0,0
2010-01-04,2010-01-04 06:00:00,2010-01-04 09:00:00,0,0,0,0,15000.0,21593.348096414276,JAN,"ASHLEY, CHICOT",Winter Weather,0.0,2.0,0,0
2010-01-07,2010-01-07 00:00:00,2010-01-07 04:00:00,0,0,0,0,0.0,0.0,MEG,CRAIGHEAD,Winter Weather,1.0,1.0,0,0
2010-01-29,2010-01-29 05:00:00,2010-01-29 23:00:00,0,1,0,0,306000.0,440504.3011668513,"LZK, MEG, TSA","ARKANSAS, BAXTER, BOONE, CLARK, CLEBURNE, CLEVELAND, CONWAY, DALLAS, DREW, FAULKNER, FULTON, GARLAND, GRANT, HOT SPRING, INDEPENDENCE, IZARD, JACKSON, JEFFERSON, JOHNSON, LINCOLN, LOGAN, LONOKE, MARION, MONROE, MONTGOMERY, NEWTON, PERRY, PIKE, POLK, POPE, PRAIRIE, PULASKI, SALINE, SCOTT, SEARCY, SHARP, STONE, VAN BUREN, WHITE, WOODRUFF, YELL, BENTON, CARROLL, CRAWFORD, FRANKLIN, MADISON, SEBASTIAN, WASHINGTON, CLAY, CRAIGHEAD, CRITTENDEN, CROSS, GREENE, LAWRENCE, LEE, MISSISSIPPI, PHILLIPS, POINSETT, RANDOLPH, ST. FRANCIS","Ice Storm, Winter Storm, Winter Storm, Winter Storm, Winter Weather",12.0,60.0,1,0
2010-02-04,2010-02-04 00:00:00,2010-02-04 11:00:00,0,0,0,0,0.0,0.0,TSA,CARROLL,Winter Storm,0.0,0.0,0,0
2010-02-07,2010-02-07 21:00:00,2010-02-08 21:00:00,0,0,0,0,0.0,0.0,TSA,"BENTON, CARROLL, CRAWFORD, FRANKLIN, MADISON, SEBASTIAN, WASHINGTON",Winter Storm,0.0,7.0,0,0
2010-02-08,2010-02-08 04:00:00,2010-02-09 01:00:00,0,0,0,0,400000.0,575822.6159043808,"LZK, MEG","ARKANSAS, BAXTER, BOONE, CLEBURNE, CONWAY, FAULKNER, FULTON, GARLAND, GRANT, HOT SPRING, INDEPENDENCE, IZARD, JACKSON, JEFFERSON, JOHNSON, LOGAN, LONOKE, MARION, MONROE, MONTGOMERY, NEWTON, PERRY, POLK, POPE, PRAIRIE, PULASKI, SALINE, SCOTT, SEARCY, SHARP, STONE, VAN BUREN, WHITE, WOODRUFF, YELL, CLAY, CRAIGHEAD, CRITTENDEN, CROSS, GREENE, LAWRENCE, LEE, MISSISSIPPI, PHILLIPS, POINSETT, RANDOLPH, ST. FRANCIS","Heavy Snow, Winter Storm, Winter Weather, Winter Storm, Winter Weather",0.0,47.0,0,0
2010-02-11,2010-02-11 15:00:00,2010-02-12 03:00:00,0,0,0,0,0.0,0.0,"LZK, SHV","BRADLEY, CALHOUN, CLARK, CLEVELAND, DALLAS, DESHA, DREW, GARLAND, GRANT, HOT SPRING, JEFFERSON, LINCOLN, LOGAN, MONTGOMERY, OUACHITA, PIKE, POLK, SCOTT, COLUMBIA, HEMPSTEAD, HOWARD, LAFAYETTE, LITTLE RIVER, MILLER, NEVADA, SEVIER, UNION","Heavy Snow, Winter Weather, Winter Weather",0.0,27.0,0,0
2010-02-14,2010-02-14 12:00:00,2010-02-14 18:00:00,0,0,0,0,0.0,0.0,LZK,"MONTGOMERY, POLK, SCOTT",Winter Weather,0.0,3.0,0,0
2010-02-15,2010-02-15 10:30:00,2010-02-15 11:30:00,0,0,0,0,0.0,0.0,MEG,ST. FRANCIS,Winter Weather,0.0,1.0,0,0
2010-02-26,2010-02-26 06:30:00,2010-02-26 14:30:00,0,0,0,0,0.0,0.0,LZK,POLK,Winter Weather,0.0,1.0,0,0
2010-03-20,2010-03-20 23:00:00,2010-03-21 21:00:00,0,0,0,0,0.0,0.0,"LZK, TSA","BENTON, CARROLL, CRAWFORD, FRANKLIN, MADISON, SEBASTIAN, WASHINGTON, BOONE, NEWTON, POLK, SCOTT","Heavy Snow, Winter Weather, Winter Storm",0.0,11.0,0,0
2010-03-21,2010-03-21 00:00:00,2010-03-21 15:00:00,0,0,0,0,0.0,0.0,SHV,"HEMPSTEAD, HOWARD, LITTLE RIVER, SEVIER",Winter Weather,0.0,4.0,0,0
2010-11-16,2010-11-16 05:00:00,2010-11-16 08:00:00,0,0,0,0,0.0,0.0,LZK,"POPE, VAN BUREN",Winter Weather,0.0,2.0,0,0
2010-11-25,2010-11-25 13:00:00,2010-11-25 16:30:00,0,0,0,0,0.0,0.0,LZK,BOONE,Winter Weather,0.0,1.0,0,0
2010-12-15,2010-12-15 05:00:00,2010-12-15 11:00:00,0,0,0,0,0.0,0.0,MEG,"CRAIGHEAD, GREENE, MISSISSIPPI",Winter Weather,3.0,0.0,0,0
2011-01-09,2011-01-09 13:00:00,2011-01-10 03:00:00,0,0,0,0,150000.0,208742.8757009944,"JAN, LZK, MEG, SHV","ARKANSAS, BAXTER, BOONE, BRADLEY, CALHOUN, CLARK, CLEBURNE, CLEVELAND, CONWAY, DALLAS, DESHA, DREW, FAULKNER, FULTON, GARLAND, GRANT, HOT SPRING, INDEPENDENCE, IZARD, JACKSON, JEFFERSON, JOHNSON, LINCOLN, LOGAN, LONOKE, MARION, MONROE, MONTGOMERY, NEWTON, OUACHITA, PERRY, PIKE, POLK, POPE, PRAIRIE, PULASKI, SALINE, SCOTT, SEARCY, SHARP, STONE, VAN BUREN, WHITE, WOODRUFF, YELL, ASHLEY, CHICOT, CLAY, CRAIGHEAD, CRITTENDEN, CROSS, GREENE, LAWRENCE, LEE, MISSISSIPPI, PHILLIPS, POINSETT, RANDOLPH, ST. FRANCIS, COLUMBIA, HEMPSTEAD, HOWARD, LAFAYETTE, LITTLE RIVER, MILLER, NEVADA, SEVIER, UNION","Heavy Snow, Heavy Snow, Winter Storm, Winter Weather, Winter Storm, Winter Storm, Winter Weather",0.0,68.0,0,0
2011-01-10,2011-01-10 18:00:00,2011-01-10 22:00:00,0,0,0,0,0.0,0.0,LZK,BOONE,Winter Weather,0.0,1.0,0,0
2011-01-17,2011-01-17 04:00:00,2011-01-17 10:00:00,0,1,0,0,0.0,0.0,MEG,"LAWRENCE, RANDOLPH",Winter Weather,0.0,0.0,1,0
2011-01-20,2011-01-20 10:00:00,2011-01-20 16:00:00,0,0,0,0,0.0,0.0,"LZK, MEG, TSA","BAXTER, BOONE, CLEBURNE, CONWAY, FAULKNER, FULTON, GARLAND, INDEPENDENCE, IZARD, JACKSON, JOHNSON, LOGAN, LONOKE, MARION, MONROE, MONTGOMERY, NEWTON, PERRY, POLK, POPE, PRAIRIE, PULASKI, SALINE, SCOTT, SEARCY, SHARP, STONE, VAN BUREN, WHITE, WOODRUFF, YELL, BENTON, CARROLL, CRAWFORD, MADISON, WASHINGTON, CLAY, CRAIGHEAD, CRITTENDEN, CROSS, GREENE, LAWRENCE, LEE, MISSISSIPPI, PHILLIPS, POINSETT, RANDOLPH, ST. FRANCIS","Winter Storm, Winter Storm, Winter Weather, Winter Weather",31.0,48.0,0,0
2011-01-25,2011-01-25 17:00:00,2011-01-25 21:00:00,0,0,0,0,0.0,0.0,MEG,MISSISSIPPI,Winter Weather,0.0,1.0,0,0
2011-02-01,2011-02-01 02:00:00,2011-02-01 18:00:00,0,0,0,0,0.0,0.0,"LZK, TSA","BAXTER, BOONE, JOHNSON, LOGAN, MARION, NEWTON, POLK, POPE, SCOTT, SEARCY, BENTON, CARROLL, CRAWFORD, FRANKLIN, MADISON, SEBASTIAN, WASHINGTON","Winter Storm, Winter Storm, Winter Weather",7.0,17.0,0,0
2011-02-03,2011-02-03 22:00:00,2011-02-04 14:30:00,0,1,0,1,0.0,0.0,SHV,"COLUMBIA, HEMPSTEAD, HOWARD, LAFAYETTE, LITTLE RIVER, MILLER, NEVADA, SEVIER, UNION","Winter Storm, Winter Weather",0.0,9.0,1,1
2011-02-04,2011-02-04 06:00:00,2011-02-04 22:00:00,0,0,0,0,100000.0,139161.9171339963,"JAN, LZK, TSA","ARKANSAS, BAXTER, BOONE, BRADLEY, CALHOUN, CLARK, CLEBURNE, CLEVELAND, CONWAY, DALLAS, DESHA, DREW, FAULKNER, FULTON, GARLAND, GRANT, HOT SPRING, INDEPENDENCE, IZARD, JACKSON, JEFFERSON, JOHNSON, LINCOLN, LOGAN, LONOKE, MARION, MONROE, MONTGOMERY, NEWTON, OUACHITA, PERRY, PIKE, POLK, POPE, PRAIRIE, PULASKI, SALINE, SCOTT, SEARCY, SHARP, STONE, VAN BUREN, WHITE, WOODRUFF, YELL, BENTON, MADISON, WASHINGTON, CHICOT","Heavy Snow, Winter Storm, Winter Weather, Ice Storm, Winter Storm",1.0,49.0,0,0
2011-02-05,2011-02-05 02:00:00,2011-02-05 07:00:00,0,0,0,0,0.0,0.0,MEG,"CLAY, LAWRENCE, RANDOLPH",Winter Weather,0.0,3.0,0,0
2011-02-07,2011-02-07 04:00:00,2011-02-07 08:00:00,0,0,0,0,0.0,0.0,"LZK, MEG","BAXTER, BOONE, CLEBURNE, CONWAY, FAULKNER, FULTON, GARLAND, INDEPENDENCE, IZARD, JACKSON, JEFFERSON, LONOKE, MARION, MONROE, MONTGOMERY, NEWTON, PERRY, POPE, PRAIRIE, PULASKI, SALINE, SEARCY, SHARP, STONE, VAN BUREN, WHITE, WOODRUFF, YELL, CLAY, CRAIGHEAD, CRITTENDEN, CROSS, GREENE, LAWRENCE, LEE, MISSISSIPPI, POINSETT, RANDOLPH, ST. FRANCIS","Winter Storm, Winter Weather, Winter Weather",0.0,39.0,0,0
2011-02-08,2011-02-08 23:00:00,2011-02-09 13:30:00,0,0,0,2,0.0,0.0,TSA,"BENTON, CARROLL, CRAWFORD, FRANKLIN, MADISON, SEBASTIAN, WASHINGTON",Winter Storm,0.0,7.0,0,2
2011-02-09,2011-02-09 09:00:00,2011-02-09 23:00:00,0,0,0,0,700000.0,974133.4199379741,"JAN, LZK, MEG, SHV","ARKANSAS, BAXTER, BOONE, BRADLEY, CALHOUN, CLARK, CLEBURNE, CLEVELAND, CONWAY, DALLAS, DESHA, DREW, FAULKNER, FULTON, GARLAND, GRANT, HOT SPRING, INDEPENDENCE, IZARD, JACKSON, JEFFERSON, JOHNSON, LINCOLN, LOGAN, LONOKE, MARION, MONROE, MONTGOMERY, NEWTON, OUACHITA, PERRY, PIKE, POLK, POPE, PRAIRIE, PULASKI, SALINE, SCOTT, SEARCY, SHARP, STONE, VAN BUREN, WHITE, WOODRUFF, YELL, ASHLEY, CHICOT, CLAY, CRAIGHEAD, CRITTENDEN, CROSS, GREENE, LAWRENCE, LEE, MISSISSIPPI, PHILLIPS, POINSETT, RANDOLPH, ST. FRANCIS, COLUMBIA, HEMPSTEAD, HOWARD, LAFAYETTE, LITTLE RIVER, MILLER, NEVADA, SEVIER, UNION","Heavy Snow, Heavy Snow, Winter Weather, Winter Storm, Winter Storm, Winter Weather",0.0,68.0,0,0
2011-11-28,2011-11-28 18:30:00,2011-11-29 02:30:00,0,0,0,0,0.0,0.0,"LZK, MEG","CLAY, CRAIGHEAD, CRITTENDEN, CROSS, GREENE, LAWRENCE, MISSISSIPPI, POINSETT, RANDOLPH, JACKSON, SHARP",Winter Weather,0.0,11.0,0,0
2011-12-05,2011-12-05 07:00:00,2011-12-05 11:00:00,0,0,0,0,0.0,0.0,LZK,"BAXTER, BOONE, JOHNSON, LOGAN, MARION, NEWTON, POLK, POPE, SCOTT, SEARCY",Winter Weather,0.0,10.0,0,0
2011-12-06,2011-12-06 22:00:00,2011-12-07 04:00:00,0,0,0,0,0.0,0.0,LZK,"ARKANSAS, BAXTER, CLEBURNE, FAULKNER, FULTON, GRANT, HOT SPRING, INDEPENDENCE, IZARD, JACKSON, JEFFERSON, LINCOLN, LONOKE, MONROE, PRAIRIE, PULASKI, SALINE, SHARP, STONE, VAN BUREN, WHITE, WOODRUFF",Winter Weather,22.0,22.0,0,0
2011-12-07,2011-12-07 03:30:00,2011-12-07 05:30:00,0,0,0,0,0.0,0.0,"JAN, MEG","CHICOT, CLAY, CRAIGHEAD, CRITTENDEN, CROSS, GREENE, LAWRENCE, LEE, MISSISSIPPI, POINSETT, RANDOLPH, ST. FRANCIS",Winter Weather,0.0,12.0,0,0
2012-02-13,2012-02-13 09:00:00,2012-02-13 12:00:00,0,0,0,0,0.0,0.0,LZK,"BAXTER, BOONE, BRADLEY, CLARK, CLEBURNE, CLEVELAND, CONWAY, DREW, FAULKNER, FULTON, GARLAND, HOT SPRING, INDEPENDENCE, IZARD, JACKSON, JEFFERSON, JOHNSON, LOGAN, LONOKE, MARION, MONTGOMERY, NEWTON, OUACHITA, PERRY, PIKE, POLK, POPE, PRAIRIE, PULASKI, SALINE, SCOTT, SEARCY, SHARP, STONE, VAN BUREN, WHITE, WOODRUFF, YELL","Winter Storm, Winter Weather",0.0,38.0,0,0
2012-12-25,2012-12-25 13:00:00,2012-12-26 00:00:00,0,0,1,0,115820000.0,157838874.6741205,"LZK, MEG, SHV, TSA","ARKANSAS, BAXTER, BOONE, BRADLEY, CALHOUN, CLARK, CLEBURNE, CLEVELAND, CONWAY, DALLAS, DESHA, DREW, FAULKNER, FULTON, GARLAND, GRANT, HOT SPRING, INDEPENDENCE, IZARD, JACKSON, JEFFERSON, JOHNSON, LINCOLN, LOGAN, LONOKE, MARION, MONROE, MONTGOMERY, NEWTON, OUACHITA, PERRY, PIKE, POLK, POPE, PRAIRIE, PULASKI, SALINE, SCOTT, SEARCY, SHARP, STONE, VAN BUREN, WHITE, WOODRUFF, YELL, CLAY, CRAIGHEAD, CRITTENDEN, CROSS, GREENE, LEE, MISSISSIPPI, PHILLIPS, POINSETT, ST. FRANCIS, FRANKLIN, SEBASTIAN, HEMPSTEAD, HOWARD, LITTLE RIVER, SEVIER, MILLER, NEVADA","Winter Storm, Winter Storm, Winter Weather, Winter Weather",45.0,63.0,0,1
2012-12-28,2012-12-28 17:00:00,2012-12-28 21:00:00,0,0,0,0,0.0,0.0,LZK,SHARP,Winter Weather,0.0,1.0,0,0
2013-01-14,2013-01-14 11:30:00,2013-01-14 15:30:00,0,0,0,0,100000.0,134188.27545750063,"JAN, LZK, SHV","ARKANSAS, BRADLEY, CALHOUN, CLEVELAND, DALLAS, DESHA, DREW, GRANT, JEFFERSON, LINCOLN, OUACHITA, ASHLEY, CHICOT, COLUMBIA, LAFAYETTE, NEVADA, UNION","Ice Storm, Winter Weather",4.0,0.0,0,0
2013-01-15,2013-01-15 09:30:00,2013-01-15 17:00:00,0,0,0,0,35000.0,46965.89641012522,"JAN, LZK, MEG, SHV","ARKANSAS, BAXTER, BOONE, BRADLEY, CALHOUN, CLARK, CLEBURNE, CLEVELAND, CONWAY, DALLAS, DESHA, DREW, FAULKNER, FULTON, GARLAND, GRANT, HOT SPRING, INDEPENDENCE, IZARD, JACKSON, JEFFERSON, JOHNSON, LINCOLN, LOGAN, LONOKE, MARION, MONROE, MONTGOMERY, NEWTON, OUACHITA, PERRY, PIKE, POLK, POPE, PRAIRIE, PULASKI, SALINE, SCOTT, SEARCY, SHARP, STONE, VAN BUREN, WHITE, WOODRUFF, YELL, ASHLEY, CHICOT, CLAY, CRITTENDEN, CROSS, GREENE, LAWRENCE, LEE, RANDOLPH, ST. FRANCIS, COLUMBIA, HEMPSTEAD, HOWARD, LAFAYETTE, LITTLE RIVER, MILLER, NEVADA, SEVIER, UNION","Ice Storm, Ice Storm, Winter Weather, Winter Weather",62.0,53.0,0,0
2013-02-12,2013-02-12 23:00:00,2013-02-13 04:30:00,0,0,0,0,0.0,0.0,LZK,"BOONE, NEWTON, SEARCY",Winter Weather,0.0,3.0,0,0
2013-02-20,2013-02-20 16:00:00,2013-02-21 15:00:00,0,0,0,0,710000.0,952736.7557482544,"LZK, TSA","BAXTER, BOONE, CLEBURNE, CONWAY, FAULKNER, FULTON, GARLAND, INDEPENDENCE, IZARD, JACKSON, JOHNSON, LOGAN, LONOKE, MARION, MONTGOMERY, NEWTON, PERRY, POLK, POPE, PULASKI, SALINE, SCOTT, SEARCY, SHARP, STONE, VAN BUREN, WHITE, WOODRUFF, YELL, BENTON, CARROLL, CRAWFORD, FRANKLIN, MADISON, SEBASTIAN, WASHINGTON","Ice Storm, Winter Weather, Winter Storm",36.0,36.0,0,0
2013-02-21,2013-02-21 15:00:00,2013-02-21 20:00:00,0,0,0,0,0.0,0.0,MEG,"LAWRENCE, RANDOLPH",Ice Storm,2.0,0.0,0,0
2013-02-26,2013-02-26 04:00:00,2013-02-26 10:30:00,0,0,0,0,0.0,0.0,LZK,BOONE,Winter Weather,0.0,1.0,0,0
2013-03-21,2013-03-21 18:00:00,2013-03-22 00:00:00,0,0,0,0,0.0,0.0,"LZK, MEG","BAXTER, BOONE, CLEBURNE, CONWAY, FAULKNER, FULTON, INDEPENDENCE, IZARD, JACKSON, JOHNSON, MARION, NEWTON, POPE, SEARCY, SHARP, STONE, VAN BUREN, WHITE, WOODRUFF, CLAY, CRAIGHEAD, CROSS, GREENE, LAWRENCE, MISSISSIPPI, POINSETT, RANDOLPH","Heavy Snow, Winter Weather, Winter Storm, Winter Weather",19.0,27.0,0,0
2013-05-04,2013-05-04 02:00:00,2013-05-04 08:00:00,0,0,0,0,0.0,0.0,LZK,"BAXTER, BOONE, CONWAY, LOGAN, MONTGOMERY, NEWTON, POLK, SEARCY, STONE, VAN BUREN",Winter Weather,0.0,11.0,0,0
2013-11-24,2013-11-24 16:00:00,2013-11-25 15:00:00,0,0,0,0,0.0,0.0,SHV,"COLUMBIA, HEMPSTEAD, HOWARD, LAFAYETTE, LITTLE RIVER, MILLER, NEVADA, SEVIER, UNION",Winter Weather,9.0,0.0,0,0
2013-11-25,2013-11-25 08:00:00,2013-11-25 14:00:00,0,1,0,1,0.0,0.0,LZK,"ARKANSAS, BAXTER, BOONE, BRADLEY, CALHOUN, CLARK, CLEBURNE, CLEVELAND, CONWAY, DALLAS, FAULKNER, FULTON, GARLAND, GRANT, HOT SPRING, INDEPENDENCE, IZARD, JACKSON, JEFFERSON, JOHNSON, LOGAN, LONOKE, MARION, MONROE, MONTGOMERY, NEWTON, OUACHITA, PERRY, PIKE, POLK, POPE, PRAIRIE, PULASKI, SALINE, SCOTT, SEARCY, SHARP, STONE, VAN BUREN, WHITE, WOODRUFF, YELL",Winter Weather,42.0,42.0,1,1
2013-12-05,2013-12-05 08:00:00,2013-12-06 14:00:00,0,1,1,0,27790000.0,37290921.74963943,"LZK, MEG, TSA","ARKANSAS, BAXTER, BOONE, BRADLEY, CALHOUN, CLARK, CLEBURNE, CLEVELAND, CONWAY, DALLAS, DESHA, DREW, FAULKNER, FULTON, GARLAND, GRANT, HOT SPRING, INDEPENDENCE, IZARD, JACKSON, JEFFERSON, JOHNSON, LINCOLN, LOGAN, LONOKE, MARION, MONROE, MONTGOMERY, NEWTON, OUACHITA, PERRY, PIKE, POLK, POPE, PRAIRIE, PULASKI, SALINE, SCOTT, SEARCY, SHARP, STONE, VAN BUREN, WHITE, WOODRUFF, YELL, BENTON, CARROLL, CRAWFORD, FRANKLIN, MADISON, SEBASTIAN, WASHINGTON, CLAY, CRAIGHEAD, CRITTENDEN, CROSS, GREENE, LAWRENCE, LEE, MISSISSIPPI, PHILLIPS, POINSETT, RANDOLPH, ST. FRANCIS","Ice Storm, Winter Storm, Winter Storm, Winter Weather",64.0,64.0,1,1
2013-12-06,2013-12-06 00:00:00,2013-12-06 18:00:00,0,0,0,0,0.0,0.0,SHV,"HEMPSTEAD, HOWARD, LAFAYETTE, LITTLE RIVER, MILLER, NEVADA, SEVIER",Winter Weather,7.0,0.0,0,0
2013-12-08,2013-12-08 03:00:00,2013-12-08 05:00:00,0,0,0,0,0.0,0.0,LZK,"ARKANSAS, BAXTER, BOONE, BRADLEY, CALHOUN, CLEBURNE, CLEVELAND, CONWAY, DALLAS, DESHA, DREW, FAULKNER, FULTON, GARLAND, GRANT, HOT SPRING, INDEPENDENCE, IZARD, JACKSON, JEFFERSON, LINCOLN, LONOKE, MARION, MONROE, OUACHITA, PERRY, PRAIRIE, PULASKI, SALINE, SEARCY, SHARP, STONE, VAN BUREN, WHITE, WOODRUFF",Winter Weather,0.0,0.0,0,0
2013-12-09,2013-12-09 18:00:00,2013-12-09 21:00:00,0,0,0,0,0.0,0.0,LZK,"ARKANSAS, BRADLEY, CALHOUN, CLARK, CLEVELAND, DALLAS, DREW, GRANT, HOT SPRING, JEFFERSON, LINCOLN, LONOKE, OUACHITA, PRAIRIE, PULASKI, SALINE",Winter Weather,0.0,0.0,0,0
2013-12-13,2013-12-13 08:00:00,2013-12-13 11:00:00,0,0,0,0,0.0,0.0,LZK,"BAXTER, BOONE, MARION, NEWTON",Winter Weather,0.0,0.0,0,0
2013-12-20,2013-12-20 18:00:00,2013-12-21 10:00:00,0,0,0,0,0.0,0.0,TSA,BENTON,Ice Storm,1.0,0.0,0,0
2013-12-23,2013-12-23 16:00:00,2013-12-23 19:00:00,0,0,0,0,0.0,0.0,LZK,"BAXTER, BOONE, MARION, NEWTON",Winter Weather,0.0,4.0,0,0
2014-01-05,2014-01-05 02:00:00,2014-01-05 11:00:00,0,0,0,0,0.0,0.0,"LZK, TSA","BAXTER, BOONE, FULTON, INDEPENDENCE, IZARD, MARION, NEWTON, SEARCY, SHARP, STONE, BENTON, CARROLL, MADISON, WASHINGTON","Winter Storm, Winter Weather",4.0,14.0,0,0
2014-01-08,2014-01-08 09:00:00,2014-01-09 11:00:00,0,6,0,3,150000.0,197937.7754259343,"LZK, SHV, TSA","BAXTER, BOONE, CLARK, CLEBURNE, CLEVELAND, CONWAY, DALLAS, FAULKNER, FULTON, GARLAND, GRANT, HOT SPRING, INDEPENDENCE, IZARD, JACKSON, JEFFERSON, JOHNSON, LOGAN, LONOKE, MARION, MONROE, MONTGOMERY, NEWTON, PERRY, PIKE, POLK, POPE, PRAIRIE, PULASKI, SALINE, SCOTT, SEARCY, SHARP, STONE, VAN BUREN, WHITE, WOODRUFF, YELL, COLUMBIA, HEMPSTEAD, HOWARD, LAFAYETTE, LITTLE RIVER, MILLER, NEVADA, SEVIER, UNION, CRAWFORD, FRANKLIN, MADISON, HOWARD, SEVIER","Ice Storm, Winter Weather",50.0,41.0,6,3
2014-01-28,2014-01-28 05:00:00,2014-01-28 09:30:00,0,0,0,0,0.0,0.0,LZK,"LOGAN, MONTGOMERY, POLK, SCOTT, YELL",Winter Weather,0.0,5.0,0,0
2014-02-02,2014-02-02 08:00:00,2014-02-02 18:00:00,0,0,0,1,0.0,0.0,"LZK, MEG, TSA","BAXTER, BOONE, CLEBURNE, FULTON, INDEPENDENCE, IZARD, MARION, NEWTON, SEARCY, SHARP, STONE, VAN BUREN, BENTON, CARROLL, CRAWFORD, FRANKLIN, MADISON, SEBASTIAN, WASHINGTON, CLAY, CRAIGHEAD, CRITTENDEN, CROSS, GREENE, LAWRENCE, MISSISSIPPI, POINSETT, RANDOLPH, ST. FRANCIS",Winter Storm,17.0,29.0,0,1
2014-02-04,2014-02-04 09:00:00,2014-02-04 18:00:00,0,1,0,2,8300000.0,10952556.906901699,"LZK, MEG, SHV","ARKANSAS, BAXTER, BOONE, CLARK, CLEBURNE, CLEVELAND, CONWAY, DALLAS, FAULKNER, FULTON, GARLAND, GRANT, HOT SPRING, INDEPENDENCE, IZARD, JACKSON, JEFFERSON, JOHNSON, LINCOLN, LOGAN, LONOKE, MARION, MONROE, MONTGOMERY, NEWTON, PERRY, PIKE, POLK, POPE, PRAIRIE, PULASKI, SALINE, SCOTT, SEARCY, SHARP, STONE, VAN BUREN, WHITE, WOODRUFF, YELL, COLUMBIA, HEMPSTEAD, HOWARD, LAFAYETTE, LITTLE RIVER, MILLER, NEVADA, SEVIER, UNION, CRAIGHEAD, CRITTENDEN, CROSS, GREENE, MISSISSIPPI, POINSETT, ST. FRANCIS","Ice Storm, Winter Weather, Winter Storm, Winter Weather, Winter Weather",56.0,49.0,1,2
2014-02-06,2014-02-06 10:00:00,2014-02-06 14:00:00,0,0,0,0,0.0,0.0,LZK,"MONTGOMERY, PERRY, POLK, POPE, SCOTT, YELL",Winter Weather,0.0,6.0,0,0
2014-02-07,2014-02-07 18:00:00,2014-02-08 06:00:00,0,0,0,1,0.0,0.0,"LZK, MEG, SHV","ARKANSAS, BAXTER, BRADLEY, CALHOUN, CLARK, CLEBURNE, CLEVELAND, CONWAY, DALLAS, DESHA, DREW, FAULKNER, GARLAND, GRANT, HOT SPRING, INDEPENDENCE, IZARD, JACKSON, JEFFERSON, JOHNSON, LINCOLN, LOGAN, LONOKE, MONROE, MONTGOMERY, OUACHITA, PERRY, PIKE, POLK, POPE, PRAIRIE, PULASKI, SALINE, SCOTT, SEARCY, SHARP, STONE, VAN BUREN, WHITE, WOODRUFF, YELL, CLAY, CRAIGHEAD, CRITTENDEN, CROSS, GREENE, LAWRENCE, LEE, MISSISSIPPI, POINSETT, RANDOLPH, ST. FRANCIS, COLUMBIA, HEMPSTEAD, HOWARD, LAFAYETTE, LITTLE RIVER, MILLER, NEVADA, SEVIER, UNION",Winter Weather,0.0,61.0,0,1
2014-02-10,2014-02-10 21:30:00,2014-02-11 05:00:00,0,0,0,0,0.0,0.0,LZK,"ARKANSAS, DALLAS, DESHA, DREW, JEFFERSON, LINCOLN",Winter Weather,0.0,0.0,0,0
2014-02-11,2014-02-11 15:00:00,2014-02-12 11:00:00,0,0,0,0,0.0,0.0,"JAN, LZK, SHV","ASHLEY, CHICOT, BRADLEY, CALHOUN, CLEVELAND, DESHA, DREW, GRANT, JEFFERSON, LINCOLN, MONROE, OUACHITA, COLUMBIA, UNION, HEMPSTEAD, LAFAYETTE, MILLER, NEVADA","Ice Storm, Winter Storm, Winter Weather",6.0,16.0,0,0
2014-03-02,2014-03-02 03:00:00,2014-03-03 06:00:00,3,3,0,2,3400000.0,4486589.576321177,"LZK, MEG, TSA","ARKANSAS, BAXTER, BOONE, BRADLEY, CALHOUN, CLEBURNE, CLEVELAND, CONWAY, DALLAS, DESHA, DREW, FAULKNER, FULTON, GARLAND, GRANT, HOT SPRING, INDEPENDENCE, IZARD, JACKSON, JEFFERSON, JOHNSON, LINCOLN, LOGAN, LONOKE, MARION, MONROE, MONTGOMERY, NEWTON, OUACHITA, PERRY, POLK, POPE, PRAIRIE, PULASKI, SALINE, SCOTT, SEARCY, SHARP, STONE, VAN BUREN, WHITE, WOODRUFF, YELL, BENTON, CARROLL, CRAWFORD, FRANKLIN, MADISON, SEBASTIAN, WASHINGTON, CLAY, CRAIGHEAD, CRITTENDEN, CROSS, GREENE, LAWRENCE, LEE, MISSISSIPPI, PHILLIPS, POINSETT, RANDOLPH, ST. FRANCIS","Winter Storm, Winter Storm, Winter Weather",55.0,62.0,6,2
2014-03-16,2014-03-16 12:00:00,2014-03-16 20:00:00,1,0,0,0,0.0,0.0,"LZK, TSA","BAXTER, BOONE, FULTON, IZARD, MARION, NEWTON, SEARCY, SHARP, STONE, CARROLL, MADISON","Winter Storm, Winter Storm, Winter Weather",0.0,11.0,1,0
2014-04-07,2014-04-07 04:00:00,2014-04-07 08:00:00,0,0,0,0,0.0,0.0,LZK,"BOONE, NEWTON",Winter Weather,0.0,2.0,0,0
2014-11-13,2014-11-13 02:00:00,2014-11-13 05:00:00,0,0,0,1,0.0,0.0,LZK,"LONOKE, MONROE, PRAIRIE, PULASKI, SALINE, WOODRUFF",Winter Weather,0.0,6.0,0,1
2014-11-16,2014-11-16 17:00:00,2014-11-16 22:00:00,0,0,0,0,0.0,0.0,"LZK, MEG","BAXTER, BOONE, CLEBURNE, CONWAY, FAULKNER, FULTON, INDEPENDENCE, IZARD, JACKSON, JOHNSON, LOGAN, MARION, MONTGOMERY, NEWTON, PERRY, POLK, POPE, SCOTT, SEARCY, SHARP, STONE, VAN BUREN, YELL, CLAY, GREENE, LAWRENCE, RANDOLPH",Winter Weather,0.0,27.0,0,0
2014-12-01,2014-12-01 08:00:00,2014-12-01 12:00:00,0,0,0,0,0.0,0.0,LZK,BOONE,Winter Weather,0.0,1.0,0,0
2015-01-11,2015-01-11 00:00:00,2015-01-11 09:00:00,0,0,0,0,0.0,0.0,"MEG, SHV","CLAY, CRAIGHEAD, GREENE, LAWRENCE, RANDOLPH, COLUMBIA, HEMPSTEAD, HOWARD, LAFAYETTE, LITTLE RIVER, MILLER, NEVADA, SEVIER, UNION",Winter Weather,9.0,0.0,0,0
2015-02-15,2015-02-15 21:00:00,2015-02-16 13:00:00,0,0,0,0,1410000.0,1863889.2968407148,"LZK, MEG, TSA","ARKANSAS, BAXTER, BOONE, BRADLEY, CALHOUN, CLARK, CLEBURNE, CLEVELAND, CONWAY, DALLAS, DESHA, DREW, FAULKNER, FULTON, GARLAND, GRANT, HOT SPRING, INDEPENDENCE, IZARD, JACKSON, JEFFERSON, JOHNSON, LINCOLN, LOGAN, LONOKE, MARION, MONROE, MONTGOMERY, NEWTON, OUACHITA, PERRY, PIKE, POLK, POPE, PRAIRIE, PULASKI, SALINE, SCOTT, SEARCY, SHARP, VAN BUREN, WHITE, WOODRUFF, YELL, BENTON, CARROLL, CRAWFORD, FRANKLIN, MADISON, SEBASTIAN, WASHINGTON, CLAY, CRAIGHEAD, CRITTENDEN, CROSS, GREENE, LAWRENCE, LEE, MISSISSIPPI, PHILLIPS, POINSETT, RANDOLPH, ST. FRANCIS","Ice Storm, Winter Storm, Winter Weather, Winter Storm",57.0,64.0,0,0
2015-02-20,2015-02-20 08:00:00,2015-02-20 14:00:00,0,0,0,0,780000.0,1031087.6961246508,"LZK, MEG","BAXTER, BOONE, CLEBURNE, FAULKNER, FULTON, INDEPENDENCE, JACKSON, LONOKE, MARION, NEWTON, PERRY, PULASKI, SEARCY, SHARP, STONE, VAN BUREN, WHITE, WOODRUFF, CLAY, CRAIGHEAD, CRITTENDEN, CROSS, GREENE, LAWRENCE, LEE, MISSISSIPPI, PHILLIPS, POINSETT, RANDOLPH, ST. FRANCIS","Winter Storm, Winter Weather, Winter Weather",30.0,12.0,0,0
2015-02-23,2015-02-23 08:00:00,2015-02-23 21:00:00,0,0,0,0,0.0,0.0,"LZK, SHV, TSA","COLUMBIA, HEMPSTEAD, HOWARD, LAFAYETTE, LITTLE RIVER, MILLER, NEVADA, SEVIER, UNION, CONWAY, FAULKNER, GARLAND, JOHNSON, LOGAN, MONTGOMERY, PERRY, POLK, POPE, PULASKI, SALINE, SCOTT, YELL, SEBASTIAN","Winter Storm, Winter Weather",0.0,14.0,0,0
2015-02-25,2015-02-25 01:00:00,2015-02-25 15:00:00,0,0,0,0,0.0,0.0,"JAN, LZK, MEG, SHV","ARKANSAS, BRADLEY, CALHOUN, CLARK, CLEVELAND, DALLAS, DESHA, GARLAND, HOT SPRING, JEFFERSON, LINCOLN, LONOKE, MONROE, MONTGOMERY, OUACHITA, PIKE, POLK, PRAIRIE, PULASKI, SALINE, ASHLEY, CHICOT, COLUMBIA, HEMPSTEAD, HOWARD, LAFAYETTE, LITTLE RIVER, MILLER, NEVADA, SEVIER, UNION, LEE, PHILLIPS","Heavy Snow, Winter Storm, Winter Storm, Winter Weather",9.0,35.0,0,0
2015-02-27,2015-02-27 14:00:00,2015-02-28 17:00:00,0,0,0,0,0.0,0.0,"LZK, TSA","BAXTER, BOONE, FULTON, IZARD, JOHNSON, LOGAN, MARION, NEWTON, PERRY, POLK, POPE, SCOTT, SEARCY, SHARP, STONE, VAN BUREN, YELL, BENTON, WASHINGTON","Winter Storm, Winter Weather",0.0,19.0,0,0
2015-02-28,2015-02-28 04:00:00,2015-02-28 12:00:00,0,0,0,0,0.0,0.0,MEG,RANDOLPH,Winter Weather,0.0,1.0,0,0
2015-03-04,2015-03-04 22:00:00,2015-03-05 12:00:00,0,0,0,0,850000.0,1123621.2073153246,"LZK, MEG, SHV, TSA","ARKANSAS, BAXTER, BOONE, BRADLEY, CALHOUN, CLARK, CLEBURNE, CLEVELAND, CONWAY, DALLAS, DESHA, DREW, FAULKNER, FULTON, GARLAND, GRANT, HOT SPRING, INDEPENDENCE, IZARD, JACKSON, JEFFERSON, JOHNSON, LINCOLN, LOGAN, LONOKE, MARION, MONROE, MONTGOMERY, NEWTON, OUACHITA, PERRY, PIKE, POLK, POPE, PRAIRIE, PULASKI, SALINE, SCOTT, SEARCY, SHARP, STONE, VAN BUREN, WHITE, WOODRUFF, YELL, BENTON, CARROLL, MADISON, WASHINGTON, CLAY, CRAIGHEAD, CRITTENDEN, CROSS, GREENE, LAWRENCE, LEE, MISSISSIPPI, PHILLIPS, POINSETT, RANDOLPH, ST. FRANCIS, COLUMBIA, HEMPSTEAD, HOWARD, LAFAYETTE, LITTLE RIVER, MILLER, NEVADA, SEVIER, UNION","Winter Storm, Winter Storm, Winter Weather",0.0,70.0,0,0
2016-01-19,2016-01-19 22:00:00,2016-01-20 03:00:00,0,0,0,0,0.0,0.0,LZK,"BAXTER, BOONE, CLEBURNE, FULTON, INDEPENDENCE, IZARD, JACKSON, MARION, NEWTON, SEARCY, SHARP, STONE, VAN BUREN",Winter Weather,0.0,13.0,0,0
2016-01-20,2016-01-20 00:00:00,2016-01-20 06:00:00,0,0,0,0,0.0,0.0,MEG,"CLAY, CRAIGHEAD, CRITTENDEN, CROSS, GREENE, LAWRENCE, MISSISSIPPI, POINSETT, RANDOLPH",Winter Weather,0.0,0.0,0,0
2016-01-21,2016-01-21 00:00:00,2016-01-21 06:00:00,0,0,0,0,0.0,0.0,MEG,"CLAY, CRAIGHEAD, CRITTENDEN, CROSS, GREENE, LAWRENCE, LEE, MISSISSIPPI, PHILLIPS, POINSETT, RANDOLPH, ST. FRANCIS, CLAY, CRAIGHEAD, GREENE, LAWRENCE, RANDOLPH","Winter Storm, Winter Weather, Winter Weather",0.0,12.0,0,0
2016-01-22,2016-01-22 01:00:00,2016-01-22 06:00:00,0,0,0,0,0.0,0.0,"LZK, SHV","ARKANSAS, BAXTER, BRADLEY, CALHOUN, CLARK, CLEBURNE, CLEVELAND, CONWAY, DALLAS, DESHA, DREW, FAULKNER, FULTON, GARLAND, GRANT, HOT SPRING, INDEPENDENCE, IZARD, JACKSON, JEFFERSON, LINCOLN, LONOKE, MONROE, OUACHITA, PERRY, PRAIRIE, PULASKI, SALINE, SEARCY, SHARP, STONE, VAN BUREN, WHITE, WOODRUFF, COLUMBIA, UNION","Winter Storm, Winter Weather, Winter Weather",34.0,36.0,0,0
2016-02-23,2016-02-23 18:00:00,2016-02-24 06:00:00,0,0,0,0,0.0,0.0,"LZK, TSA","BOONE, FULTON, JOHNSON, LOGAN, MARION, NEWTON, POLK, SEARCY, SHARP, VAN BUREN, MADISON","Winter Storm, Winter Storm, Winter Weather",0.0,11.0,0,0
2016-12-17,2016-12-17 20:10:00,2016-12-17 21:10:00,0,0,0,0,0.0,0.0,LZK,BOONE,Winter Weather,0.0,0.0,0,0
2017-01-06,2017-01-06 05:00:00,2017-01-06 23:00:00,0,0,0,0,0.0,0.0,"LZK, MEG, SHV","ARKANSAS, BAXTER, BOONE, BRADLEY, CALHOUN, CLARK, CLEBURNE, CLEVELAND, CONWAY, DALLAS, DESHA, DREW, FAULKNER, GARLAND, GRANT, HOT SPRING, INDEPENDENCE, IZARD, JACKSON, JEFFERSON, JOHNSON, LINCOLN, LOGAN, LONOKE, MARION, MONROE, MONTGOMERY, NEWTON, OUACHITA, PERRY, PIKE, POLK, POPE, PRAIRIE, PULASKI, SALINE, SCOTT, SEARCY, SHARP, STONE, VAN BUREN, WHITE, WOODRUFF, YELL, CLAY, CRAIGHEAD, CRITTENDEN, CROSS, GREENE, LAWRENCE, LEE, MISSISSIPPI, PHILLIPS, POINSETT, RANDOLPH, ST. FRANCIS, HEMPSTEAD, HOWARD, LAFAYETTE, LITTLE RIVER, MILLER, NEVADA, SEVIER",Winter Weather,0.0,63.0,0,0
2017-03-11,2017-03-11 09:00:00,2017-03-11 22:00:00,0,0,0,0,0.0,0.0,"LZK, MEG","BAXTER, BOONE, CLEBURNE, FULTON, INDEPENDENCE, IZARD, JOHNSON, MARION, NEWTON, SHARP, STONE, VAN BUREN, WHITE, CLAY, CRAIGHEAD, GREENE, LAWRENCE, MISSISSIPPI, POINSETT, RANDOLPH","Heavy Snow, Winter Weather, Winter Weather",0.0,20.0,0,0
2018-01-12,2018-01-12 03:00:00,2018-01-12 07:00:00,0,0,0,0,0.0,0.0,"LZK, MEG, SHV","ARKANSAS, BAXTER, BOONE, CLEBURNE, DALLAS, DESHA, DREW, FULTON, GRANT, HOT SPRING, INDEPENDENCE, JACKSON, JEFFERSON, LONOKE, MARION, MONROE, PIKE, PULASKI, SEARCY, SHARP, VAN BUREN, CLAY, CRAIGHEAD, CRITTENDEN, CROSS, GREENE, LEE, MISSISSIPPI, POINSETT, ST. FRANCIS, COLUMBIA, NEVADA, UNION","Winter Storm, Winter Weather, Winter Weather",0.0,31.0,0,0
2018-01-15,2018-01-15 22:00:00,2018-01-16 10:00:00,0,0,0,0,0.0,0.0,"LZK, MEG, SHV","ARKANSAS, BAXTER, BOONE, BRADLEY, CALHOUN, CLARK, CLEVELAND, DALLAS, DESHA, DREW, FULTON, GARLAND, GRANT, HOT SPRING, JEFFERSON, LINCOLN, LONOKE, MONROE, MONTGOMERY, OUACHITA, PRAIRIE, PULASKI, SALINE, WOODRUFF, CLAY, CRAIGHEAD, CRITTENDEN, CROSS, GREENE, LAWRENCE, LEE, MISSISSIPPI, PHILLIPS, POINSETT, RANDOLPH, ST. FRANCIS, COLUMBIA, HEMPSTEAD, LAFAYETTE, LITTLE RIVER, MILLER, NEVADA, UNION, HOWARD, SEVIER","Heavy Snow, Winter Storm, Winter Weather, Winter Storm, Winter Storm, Winter Weather, Winter Weather",9.0,50.0,0,0
2018-01-16,2018-01-16 01:00:00,2018-01-16 11:45:00,0,0,0,0,20000.0,25066.8830874568,JAN,"ASHLEY, CHICOT",Heavy Snow,0.0,2.0,0,0
2018-02-06,2018-02-06 20:00:00,2018-02-07 00:00:00,0,0,0,0,0.0,0.0,"LZK, MEG","CLAY, CRAIGHEAD, GREENE, LAWRENCE, RANDOLPH, CLEBURNE, INDEPENDENCE, JACKSON, PULASKI, STONE, WHITE","Ice Storm, Winter Weather, Winter Weather",13.0,8.0,0,0
2018-02-11,2018-02-11 13:30:00,2018-02-11 15:00:00,0,0,0,0,0.0,0.0,SHV,"HEMPSTEAD, HOWARD, LAFAYETTE, LITTLE RIVER, MILLER, SEVIER",Winter Weather,0.0,0.0,0,0
2018-02-21,2018-02-21 18:30:00,2018-02-21 19:30:00,0,0,0,0,0.0,0.0,LZK,BOONE,Winter Weather,1.0,0.0,0,0
2018-11-14,2018-11-14 04:30:00,2018-11-14 09:00:00,0,2,0,4,0.0,0.0,"LZK, MEG, SHV","ARKANSAS, BAXTER, BRADLEY, CLARK, CLEBURNE, CLEVELAND, CONWAY, DALLAS, DESHA, DREW, FULTON, GRANT, HOT SPRING, INDEPENDENCE, IZARD, JACKSON, JEFFERSON, JOHNSON, LAWRENCE, LINCOLN, LONOKE, MARION, MONROE, MONTGOMERY, OUACHITA, PERRY, PIKE, POPE, PRAIRIE, PULASKI, RANDOLPH, SALINE, SHARP, STONE, WHITE, WOODRUFF, CLAY, CRAIGHEAD, CRITTENDEN, CROSS, GREENE, LEE, MISSISSIPPI, PHILLIPS, POINSETT, ST. FRANCIS, UNION",Winter Weather,0.0,50.0,2,4
2018-12-08,2018-12-08 02:00:00,2018-12-08 23:00:00,0,0,0,0,0.0,0.0,"LZK, MEG","ARKANSAS, BAXTER, BOONE, CLEBURNE, DREW, FAULKNER, FULTON, INDEPENDENCE, IZARD, JACKSON, JEFFERSON, JOHNSON, LAWRENCE, LOGAN, LONOKE, MARION, NEWTON, PERRY, POPE, PRAIRIE, PULASKI, RANDOLPH, SALINE, SEARCY, SHARP, STONE, VAN BUREN, WHITE, WOODRUFF, YELL, CLAY, CRAIGHEAD, CRITTENDEN, CROSS, GREENE, MISSISSIPPI, POINSETT","Ice Storm, Winter Weather, Winter Storm, Winter Weather",37.0,30.0,0,0
2019-01-19,2019-01-19 08:15:00,2019-01-19 12:00:00,0,0,0,0,0.0,0.0,"LZK, MEG, TSA","BAXTER, BOONE, CONWAY, FULTON, INDEPENDENCE, IZARD, JACKSON, JOHNSON, LAWRENCE, LOGAN, MARION, MONTGOMERY, NEWTON, PIKE, POLK, POPE, RANDOLPH, SALINE, SCOTT, SEARCY, SHARP, STONE, WHITE, YELL, CLAY, CRAIGHEAD, GREENE, MISSISSIPPI, FRANKLIN","Winter Storm, Winter Weather",0.0,32.0,0,0
2019-02-16,2019-02-16 22:52:00,2019-02-16 23:55:00,0,0,0,0,0.0,0.0,LZK,VAN BUREN,Winter Weather,0.0,0.0,0,0
2019-02-19,2019-02-19 13:30:00,2019-02-20 02:00:00,0,0,0,0,0.0,0.0,"LZK, TSA","BOONE, NEWTON, MADISON","Ice Storm, Winter Storm",8.0,0.0,0,0
2019-03-03,2019-03-03 07:50:00,2019-03-03 08:20:00,0,0,0,0,0.0,0.0,LZK,"FAULKNER, INDEPENDENCE, JACKSON, VAN BUREN",Winter Weather,0.0,6.0,0,0
2019-10-30,2019-10-30 20:30:00,2019-10-30 22:42:00,0,0,0,0,0.0,0.0,LZK,"BAXTER, BOONE, GARLAND, INDEPENDENCE, LOGAN, MARION, NEWTON, POLK, SEARCY",Winter Weather,0.0,9.0,0,0
2019-11-11,2019-11-11 13:00:00,2019-11-11 20:00:00,0,0,0,0,0.0,0.0,LZK,"BAXTER, BOONE, CONWAY, DREW, FAULKNER, FULTON, GARLAND, INDEPENDENCE, IZARD, JACKSON, JEFFERSON, JOHNSON, LAWRENCE, LOGAN, MARION, MONTGOMERY, NEWTON, POLK, POPE, PULASKI, RANDOLPH, SEARCY, SHARP, VAN BUREN, WHITE",Winter Weather,25.0,25.0,0,0
2019-12-10,2019-12-10 04:49:00,2019-12-10 05:56:00,0,0,0,0,0.0,0.0,LZK,"ARKANSAS, BRADLEY, CALHOUN, DESHA, DREW, JEFFERSON, OUACHITA, PRAIRIE",Winter Weather,0.0,8.0,0,0
2020-01-11,2020-01-11 11:29:00,2020-01-11 13:29:00,0,0,0,0,0.0,0.0,LZK,"BAXTER, GARLAND, LOGAN, SEARCY",Winter Weather,0.0,4.0,0,0
2020-01-17,2020-01-17 06:47:00,2020-01-17 16:34:00,0,0,0,0,0.0,0.0,LZK,"BAXTER, BOONE, NEWTON, SEARCY, SHARP, STONE",Winter Weather,6.0,0.0,0,0
2020-01-22,2020-01-22 08:00:00,2020-01-23 12:00:00,0,0,0,0,125000.0,152949.15520091375,"LZK, SHV, TSA","CONWAY, JOHNSON, LOGAN, MONTGOMERY, NEWTON, PIKE, POLK, POPE, SCOTT, SEARCY, VAN BUREN, YELL, CRAWFORD, FRANKLIN, WASHINGTON, HEMPSTEAD, HOWARD, NEVADA, SEVIER","Ice Storm, Ice Storm, Winter Weather, Winter Weather",32.0,32.0,0,0
2020-02-06,2020-02-06 01:06:00,2020-02-06 08:00:00,0,0,0,0,0.0,0.0,LZK,"BAXTER, BOONE, CLEBURNE, CONWAY, DREW, INDEPENDENCE, JEFFERSON, JOHNSON, LOGAN, MARION, NEWTON, POLK, POPE, PRAIRIE, SCOTT, SEARCY, SHARP, STONE, VAN BUREN, YELL",Winter Weather,0.0,50.0,0,0
2020-02-20,2020-02-20 03:00:00,2020-02-20 07:44:00,0,0,0,0,0.0,0.0,LZK,"CONWAY, JOHNSON, LOGAN, PERRY, PULASKI, VAN BUREN, WHITE, YELL",Winter Weather,0.0,12.0,0,0
2020-12-02,2020-12-02 23:00:00,2020-12-02 23:00:00,0,0,0,0,0.0,0.0,LZK,"NEWTON, SEARCY",Winter Weather,0.0,4.0,0,0
2020-12-13,2020-12-13 09:30:00,2020-12-13 21:00:00,0,0,0,0,0.0,0.0,"LZK, TSA","BAXTER, BOONE, CONWAY, FULTON, IZARD, JOHNSON, LOGAN, NEWTON, PIKE, POLK, PULASKI, SCOTT, SEARCY, SHARP, STONE, YELL, BENTON, CARROLL, MADISON, WASHINGTON","Winter Storm, Winter Storm, Winter Weather",0.0,21.0,0,0
2020-12-30,2020-12-30 20:08:00,2020-12-30 20:08:00,0,0,0,0,0.0,0.0,LZK,"BAXTER, BOONE, FULTON, NEWTON",Winter Weather,0.0,0.0,0,0
2020-12-31,2020-12-31 18:00:00,2020-12-31 23:59:00,0,0,0,0,0.0,0.0,TSA,MADISON,Winter Weather,1.0,1.0,0,0
2021-01-01,2021-01-01 00:00:00,2021-01-01 10:00:00,0,0,0,0,0.0,0.0,"LZK, TSA","BOONE, NEWTON, POLK, YELL, MADISON","Ice Storm, Winter Weather",1.0,6.0,0,0
2021-01-06,2021-01-06 20:00:00,2021-01-07 12:00:00,0,0,0,0,0.0,0.0,TSA,"MADISON, WASHINGTON",Winter Storm,0.0,2.0,0,0
2021-01-07,2021-01-07 05:00:00,2021-01-07 10:31:00,0,0,0,0,0.0,0.0,LZK,"BRADLEY, CALHOUN, CLARK, CLEVELAND, DESHA, DREW, JOHNSON, LINCOLN, LOGAN, MONTGOMERY, NEWTON, OUACHITA, POLK, POPE, SCOTT, SEARCY, VAN BUREN, YELL","Winter Storm, Winter Weather",0.0,18.0,0,0
2021-01-10,2021-01-10 14:00:00,2021-01-11 08:11:00,0,0,0,0,0.0,0.0,"JAN, SHV","ASHLEY, CHICOT, COLUMBIA, LAFAYETTE, LITTLE RIVER, MILLER, SEVIER, UNION","Heavy Snow, Winter Storm, Winter Weather",0.0,8.0,0,0
2021-01-15,2021-01-15 11:15:00,2021-01-15 21:00:00,0,0,0,0,0.0,0.0,LZK,"MARION, NEWTON, SEARCY",Winter Weather,0.0,3.0,0,0
2021-01-27,2021-01-27 01:31:00,2021-01-27 09:19:00,0,0,0,0,0.0,0.0,"LZK, MEG","BAXTER, BOONE, FULTON, INDEPENDENCE, IZARD, LAWRENCE, MARION, NEWTON, POPE, RANDOLPH, SEARCY, SHARP, STONE, VAN BUREN, CLAY",Winter Weather,0.0,15.0,0,0
2021-02-09,2021-02-09 18:00:00,2021-02-11 09:00:00,0,0,0,0,0.0,0.0,MEG,"CLAY, CRAIGHEAD, CROSS, GREENE, MISSISSIPPI, POINSETT",Winter Storm,6.0,0.0,0,0
2021-02-10,2021-02-10 19:00:00,2021-02-11 10:00:00,0,0,0,0,0.0,0.0,"LZK, MEG","BAXTER, BOONE, DREW, FAULKNER, GARLAND, IZARD, JEFFERSON, LAWRENCE, LINCOLN, LONOKE, PERRY, POLK, PULASKI, SEARCY, SHARP, STONE, VAN BUREN, CRITTENDEN, LEE, PHILLIPS, ST. FRANCIS","Ice Storm, Ice Storm, Winter Weather",25.0,21.0,0,0
2021-02-11,2021-02-11 02:00:00,2021-02-11 11:00:00,0,0,0,0,0.0,0.0,JAN,"ASHLEY, CHICOT",Winter Weather,0.0,0.0,0,0
2021-02-14,2021-02-14 00:00:00,2021-02-15 14:27:00,0,0,0,0,0.0,0.0,"LZK, MEG, SHV, TSA","ARKANSAS, BAXTER, BOONE, BRADLEY, CALHOUN, CLARK, CLEBURNE, CLEVELAND, CONWAY, DALLAS, DESHA, DREW, FAULKNER, FULTON, GARLAND, GRANT, HOT SPRING, INDEPENDENCE, IZARD, JACKSON, JEFFERSON, JOHNSON, LAWRENCE, LINCOLN, LOGAN, LONOKE, MARION, MONROE, MONTGOMERY, NEWTON, OUACHITA, PERRY, PIKE, POLK, POPE, PRAIRIE, PULASKI, RANDOLPH, SALINE, SCOTT, SEARCY, SHARP, STONE, VAN BUREN, WHITE, WOODRUFF, YELL, BENTON, CARROLL, CRAWFORD, FRANKLIN, MADISON, SEBASTIAN, WASHINGTON, CLAY, CRAIGHEAD, CRITTENDEN, CROSS, GREENE, LEE, MISSISSIPPI, PHILLIPS, POINSETT, ST. FRANCIS, COLUMBIA, HEMPSTEAD, HOWARD, LAFAYETTE, LITTLE RIVER, MILLER, NEVADA, SEVIER, UNION","Heavy Snow, Winter Storm",7.0,73.0,0,0
2021-02-15,2021-02-15 02:45:00,2021-02-15 09:00:00,0,0,0,0,140000.0,163028.33586594148,JAN,"ASHLEY, CHICOT","Heavy Snow, Winter Storm",0.0,2.0,0,0
2021-02-16,2021-02-16 18:00:00,2021-02-17 21:18:00,0,0,0,0,851000.0,990979.3844422584,"SHV, TSA","BENTON, CRAWFORD, COLUMBIA, HEMPSTEAD, LAFAYETTE, MILLER, NEVADA, UNION, HOWARD, LITTLE RIVER, SEVIER",Winter Storm,0.0,11.0,0,0
2021-02-17,2021-02-17 07:00:00,2021-02-18 03:00:00,0,0,0,0,75000.0,87336.6084996115,"JAN, LZK, MEG","ARKANSAS, BAXTER, BOONE, BRADLEY, CALHOUN, CLARK, CLEBURNE, CLEVELAND, CONWAY, DALLAS, DESHA, DREW, FAULKNER, FULTON, GARLAND, GRANT, HOT SPRING, INDEPENDENCE, IZARD, JACKSON, JEFFERSON, JOHNSON, LAWRENCE, LINCOLN, LOGAN, LONOKE, MARION, MONROE, MONTGOMERY, NEWTON, OUACHITA, PERRY, PIKE, POLK, POPE, PRAIRIE, PULASKI, RANDOLPH, SALINE, SCOTT, SEARCY, SHARP, STONE, VAN BUREN, WHITE, WOODRUFF, YELL, ASHLEY, CHICOT, CLAY, CRAIGHEAD, CRITTENDEN, CROSS, GREENE, LEE, MISSISSIPPI, PHILLIPS, POINSETT, ST. FRANCIS","Heavy Snow, Winter Storm",2.0,60.0,0,0
2021-04-20,2021-04-20 21:50:00,2021-04-20 21:50:00,0,0,0,0,0.0,0.0,LZK,BOONE,Winter Weather,0.0,0.0,0,0
2022-01-06,2022-01-06 05:30:00,2022-01-06 13:10:00,0,0,0,0,0.0,0.0,"LZK, MEG","BAXTER, BOONE, CLEBURNE, FULTON, IZARD, LAWRENCE, MARION, RANDOLPH, SEARCY, SHARP, CLAY, CRAIGHEAD, GREENE",Winter Weather,0.0,11.0,0,0
2022-01-15,2022-01-15 15:58:00,2022-01-16 03:34:00,0,0,0,0,0.0,0.0,"LZK, SHV, TSA","BAXTER, BOONE, CONWAY, DALLAS, FAULKNER, FULTON, JOHNSON, LAWRENCE, LINCOLN, LOGAN, MARION, MONTGOMERY, NEWTON, POLK, POPE, PULASKI, SALINE, SEARCY, STONE, VAN BUREN, WOODRUFF, YELL, BENTON, CARROLL, FRANKLIN, MADISON, SEBASTIAN, WASHINGTON, COLUMBIA, HEMPSTEAD, HOWARD, LAFAYETTE, LITTLE RIVER, MILLER, NEVADA, SEVIER, UNION","Heavy Snow, Winter Storm, Winter Weather, Winter Storm, Winter Storm, Winter Weather",0.0,37.0,0,0
2022-01-16,2022-01-16 00:00:00,2022-01-16 07:00:00,0,0,0,0,0.0,0.0,MEG,"CRITTENDEN, ST. FRANCIS",Winter Weather,0.0,2.0,0,0
2022-01-19,2022-01-19 18:00:00,2022-01-19 22:00:00,0,0,0,0,0.0,0.0,"LZK, MEG","ARKANSAS, BAXTER, BOONE, FULTON, IZARD, LAWRENCE, MARION, NEWTON, RANDOLPH, SHARP, STONE, CLAY",Winter Weather,0.0,12.0,0,0
2022-02-02,2022-02-02 19:00:00,2022-02-04 07:00:00,0,0,0,0,0.0,0.0,"LZK, TSA","ARKANSAS, BAXTER, BOONE, CLARK, CLEBURNE, CLEVELAND, CONWAY, DALLAS, DREW, FAULKNER, FULTON, GARLAND, GRANT, HOT SPRING, INDEPENDENCE, IZARD, JACKSON, JEFFERSON, JOHNSON, LAWRENCE, LINCOLN, LOGAN, LONOKE, MARION, MONROE, MONTGOMERY, NEWTON, PERRY, POLK, POPE, PRAIRIE, PULASKI, RANDOLPH, SALINE, SCOTT, SEARCY, SHARP, VAN BUREN, WHITE, WOODRUFF, BENTON, CARROLL, CRAWFORD, FRANKLIN, MADISON, SEBASTIAN, WASHINGTON","Heavy Snow, Winter Storm, Winter Weather, Winter Storm",7.0,47.0,0,0
2022-02-03,2022-02-03 00:00:00,2022-02-03 17:37:00,0,0,0,0,0.0,0.0,"MEG, SHV","CLAY, CRAIGHEAD, CRITTENDEN, CROSS, GREENE, LEE, MISSISSIPPI, PHILLIPS, POINSETT, ST. FRANCIS, COLUMBIA, HEMPSTEAD, LAFAYETTE, MILLER, NEVADA, UNION, HOWARD, LITTLE RIVER, SEVIER","Ice Storm, Winter Storm, Winter Weather",19.0,9.0,0,0
2022-02-23,2022-02-23 03:24:00,2022-02-24 18:00:00,0,0,0,0,0.0,0.0,"LZK, MEG, SHV, TSA","BAXTER, BOONE, CLARK, CLEBURNE, CONWAY, FAULKNER, FULTON, GARLAND, HOT SPRING, INDEPENDENCE, IZARD, JACKSON, JEFFERSON, JOHNSON, LAWRENCE, LOGAN, LONOKE, MARION, MONTGOMERY, NEWTON, PERRY, POLK, POPE, PRAIRIE, PULASKI, RANDOLPH, SALINE, SEARCY, SHARP, STONE, VAN BUREN, WHITE, WOODRUFF, YELL, BENTON, CARROLL, CRAWFORD, FRANKLIN, MADISON, SEBASTIAN, WASHINGTON, CLAY, CRAIGHEAD, CRITTENDEN, CROSS, GREENE, LEE, MISSISSIPPI, POINSETT, ST. FRANCIS, HEMPSTEAD, HOWARD, NEVADA, SEVIER","Ice Storm, Winter Storm, Winter Storm, Winter Storm, Winter Weather, Winter Weather",20.0,53.0,0,0
2022-03-11,2022-03-11 06:00:00,2022-03-11 13:00:00,0,0,0,0,0.0,0.0,"JAN, LZK, MEG, SHV, TSA","ARKANSAS, BAXTER, BOONE, CLARK, CLEBURNE, CONWAY, DALLAS, DREW, FAULKNER, FULTON, GARLAND, GRANT, HOT SPRING, INDEPENDENCE, IZARD, JACKSON, JEFFERSON, JOHNSON, LAWRENCE, LINCOLN, LOGAN, LONOKE, MARION, NEWTON, OUACHITA, PERRY, PIKE, POLK, POPE, PRAIRIE, PULASKI, RANDOLPH, SALINE, SCOTT, SEARCY, SHARP, STONE, VAN BUREN, WHITE, WOODRUFF, YELL, ASHLEY, CHICOT, BENTON, WASHINGTON, CLAY, CRAIGHEAD, CRITTENDEN, CROSS, GREENE, LEE, MISSISSIPPI, PHILLIPS, POINSETT, ST. FRANCIS, COLUMBIA, LAFAYETTE, MILLER, NEVADA, UNION, HEMPSTEAD, HOWARD, LITTLE RIVER, SEVIER","Heavy Snow, Winter Weather, Winter Storm, Winter Storm, Winter Weather, Winter Weather",0.0,65.0,0,0
2022-11-11,2022-11-11 23:53:00,2022-11-12 02:59:00,0,0,0,0,0.0,0.0,LZK,"BAXTER, BOONE, FULTON, LAWRENCE, MARION, RANDOLPH, SHARP",Winter Weather,0.0,7.0,0,0
2022-11-14,2022-11-14 17:30:00,2022-11-14 22:30:00,0,0,0,0,0.0,0.0,"LZK, TSA","BOONE, LOGAN, MARION, NEWTON, POLK, SEARCY, VAN BUREN, YELL, WASHINGTON","Winter Storm, Winter Weather",0.0,12.0,0,0
2022-12-22,2022-12-22 13:15:00,2022-12-22 16:25:00,0,0,0,0,0.0,0.0,"LZK, MEG","BAXTER, BOONE, CONWAY, FAULKNER, FULTON, INDEPENDENCE, IZARD, JOHNSON, LAWRENCE, LONOKE, MARION, NEWTON, POLK, POPE, PULASKI, RANDOLPH, SALINE, SEARCY, SHARP, STONE, CLAY, CRAIGHEAD, CRITTENDEN, CROSS, GREENE, MISSISSIPPI, POINSETT, ST. FRANCIS",Winter Weather,0.0,33.0,0,0
2023-01-24,2023-01-24 16:00:00,2023-01-25 04:00:00,0,0,0,0,315000.0,323300.54786756716,"LZK, TSA","BAXTER, BOONE, CLEBURNE, CONWAY, FAULKNER, FULTON, GARLAND, INDEPENDENCE, IZARD, JOHNSON, LAWRENCE, LOGAN, MARION, MONTGOMERY, NEWTON, PERRY, POLK, POPE, RANDOLPH, SCOTT, SEARCY, SHARP, STONE, VAN BUREN, WHITE, YELL, BENTON, CARROLL, CRAWFORD, FRANKLIN, MADISON, SEBASTIAN, WASHINGTON","Winter Storm, Winter Storm, Winter Weather",0.0,45.0,0,0
2023-01-30,2023-01-30 10:00:00,2023-01-30 18:00:00,0,0,0,0,0.0,0.0,"LZK, MEG, SHV, TSA","ARKANSAS, BAXTER, BOONE, CLARK, CLEBURNE, CLEVELAND, DALLAS, DREW, FAULKNER, FULTON, GARLAND, GRANT, INDEPENDENCE, IZARD, JACKSON, JEFFERSON, JOHNSON, LAWRENCE, LINCOLN, LOGAN, LONOKE, MONTGOMERY, NEWTON, PIKE, POLK, POPE, PULASKI, RANDOLPH, SALINE, SCOTT, SEARCY, STONE, VAN BUREN, YELL, BENTON, CARROLL, FRANKLIN, MADISON, SEBASTIAN, WASHINGTON, CLAY, CRAIGHEAD, CRITTENDEN, CROSS, GREENE, LEE, MISSISSIPPI, PHILLIPS, POINSETT, ST. FRANCIS, COLUMBIA, HOWARD, LAFAYETTE, LITTLE RIVER, MILLER, SEVIER, UNION, HEMPSTEAD, NEVADA","Ice Storm, Winter Storm, Winter Weather, Winter Storm, Winter Weather",9.0,0.0,0,0
2023-02-01,2023-02-01 00:00:00,2023-02-02 01:45:00,0,0,0,0,0.0,0.0,"LZK, MEG, SHV","ARKANSAS, BRADLEY, CLARK, CLEVELAND, DALLAS, DREW, FAULKNER, GARLAND, GRANT, HOT SPRING, JEFFERSON, LONOKE, MONTGOMERY, OUACHITA, PIKE, POLK, PULASKI, SALINE, CLAY, CRAIGHEAD, CRITTENDEN, CROSS, GREENE, LEE, MISSISSIPPI, PHILLIPS, POINSETT, ST. FRANCIS, COLUMBIA, HOWARD, LAFAYETTE, SEVIER, UNION, HEMPSTEAD, NEVADA, LITTLE RIVER, MILLER","Ice Storm, Winter Weather, Winter Storm, Winter Weather",34.0,0.0,0,0
2024-01-05,2024-01-05 09:53:00,2024-01-06 05:03:00,0,0,0,0,0.0,0.0,LZK,"BAXTER, BOONE, CONWAY, FAULKNER, GARLAND, HOT SPRING, JOHNSON, LOGAN, MARION, MONTGOMERY, NEWTON, PERRY, PIKE, POLK, POPE, PULASKI, SALINE, SCOTT, SEARCY, VAN BUREN, YELL",Winter Weather,0.0,25.0,0,0
2024-01-14,2024-01-14 12:00:00,2024-01-14 20:00:00,0,0,0,0,0.0,0.0,"JAN, LZK, MEG, SHV, TSA","ARKANSAS, BAXTER, BOONE, CALHOUN, CLARK, CLEBURNE, CLEVELAND, CONWAY, DALLAS, DESHA, DREW, FAULKNER, FULTON, GARLAND, GRANT, HOT SPRING, INDEPENDENCE, IZARD, JACKSON, JEFFERSON, JOHNSON, LAWRENCE, LINCOLN, LOGAN, LONOKE, MARION, MONROE, MONTGOMERY, NEWTON, OUACHITA, PERRY, PIKE, POLK, POPE, PRAIRIE, PULASKI, RANDOLPH, SALINE, SCOTT, SEARCY, SHARP, STONE, VAN BUREN, WHITE, WOODRUFF, YELL, ASHLEY, CHICOT, BENTON, CARROLL, CRAWFORD, FRANKLIN, MADISON, SEBASTIAN, WASHINGTON, CLAY, CRAIGHEAD, CRITTENDEN, CROSS, GREENE, LEE, MISSISSIPPI, PHILLIPS, POINSETT, ST. FRANCIS, COLUMBIA, HEMPSTEAD, HOWARD, LAFAYETTE, MILLER, NEVADA, UNION, LITTLE RIVER, SEVIER","Winter Storm, Winter Storm, Winter Weather, Winter Weather",2.0,80.0,0,0
2024-01-18,2024-01-18 05:00:00,2024-01-18 12:00:00,0,0,0,0,0.0,0.0,MEG,"CRITTENDEN, CROSS, LEE, MISSISSIPPI, PHILLIPS, POINSETT, ST. FRANCIS",Winter Weather,0.0,0.0,0,0
2024-01-21,2024-01-21 19:00:00,2024-01-22 13:30:00,0,0,0,0,0.0,0.0,"SHV, TSA","CRAWFORD, FRANKLIN, MADISON, SEBASTIAN, WASHINGTON, HOWARD, SEVIER","Ice Storm, Winter Weather",7.0,0.0,0,0
2024-01-22,2024-01-22 05:53:00,2024-01-22 08:53:00,0,0,0,0,0.0,0.0,LZK,"BAXTER, BOONE, GARLAND, POPE, PULASKI",Winter Weather,5.0,0.0,0,0
2024-02-12,2024-02-12 07:00:00,2024-02-12 15:00:00,0,0,0,0,0.0,0.0,"LZK, TSA","BAXTER, BOONE, LAWRENCE, MARION, MONTGOMERY, NEWTON, POLK, SEARCY, SHARP, BENTON","Winter Storm, Winter Storm, Winter Weather",0.0,12.0,0,0
